-- BOOK CONTENT - START
insert into book (pub_date, is_bestseller, slug, title, image_, description, priceOld, price, discount)values ('1972-03-03', 1, 'superBook', 'Stone Harbor Emerging Markets Total Income Fund', '/assets/img/content/main/card.jpg','The window showed smudged fir',5399, 129, 30);
insert into book (pub_date, is_bestseller, slug, title, image_, description, priceOld, price, discount) values ('2022-04-01', -120, '9f95e587-b1e0-40d1-80ce-2edeefb60494', 'Christmas in July', '/assets/img/content/main/card.jpg', 'Construction Foreman', 4757, 3727, 79);
insert into book (pub_date, is_bestseller, slug, title, image_, description, priceOld, price, discount) values ('2022-03-08', 93, '67e5f83f-ced3-49ba-b408-828ffc8986e3', 'Offside', '/assets/img/content/main/card.jpg', 'Estimator', 7282, 3627, 86);
insert into book (pub_date, is_bestseller, slug, title, image_, description, priceOld, price, discount) values ('2021-08-03', -72, '0c0bd1f5-63c8-4814-bb32-4feb237d15dc', 'More About the Children of Noisy Village (a.k.a. More About the Children of Bullerby Village) (Mer om oss barn i Bullerbyn)', '/assets/img/content/main/card.jpg', 'Construction Foreman', 7125, 1426, 2);
insert into book (pub_date, is_bestseller, slug, title, image_, description, priceOld, price, discount) values ('2022-02-22', 121, '36d76c88-5d93-4bed-9be2-5fc924f43d85', 'Unfinished Business', '/assets/img/content/main/card.jpg', 'Construction Manager', 7999, 3515, 88);
insert into book (pub_date, is_bestseller, slug, title, image_, description, priceOld, price, discount) values ('2021-10-30', -121, '33fe1b48-22df-499a-a1e1-e6737230f35b', 'House II: The Second Story', '/assets/img/content/main/card.jpg', 'Supervisor', 7827, 438, 4);
insert into book (pub_date, is_bestseller, slug, title, image_, description, priceOld, price, discount) values ('2022-05-05', -87, 'b26489b9-0213-443e-b2d7-47052b86d32b', 'Mad Dog Coll', '/assets/img/content/main/card.jpg', 'Estimator', 7132, 697, 2);
insert into book (pub_date, is_bestseller, slug, title, image_, description, priceOld, price, discount) values ('2022-04-24', 10, '7c14ea4c-0718-4b2d-b131-e00ef9b994a1', 'Langoliers, The', '/assets/img/content/main/card.jpg', 'Construction Worker', 4631, 3046, 0);
insert into book (pub_date, is_bestseller, slug, title, image_, description, priceOld, price, discount) values ('2021-10-17', -101, '61961425-7afe-4da5-8e3b-5be20970c5a7', 'Fragile Trust: Plagiarism, Power, and Jayson Blair at the New York Times, A', '/assets/img/content/main/card.jpg', 'Construction Expeditor', 4775, 3080, 96);
insert into book (pub_date, is_bestseller, slug, title, image_, description, priceOld, price, discount) values ('2022-04-30', -89, '112f0fbc-c7f3-4c71-93ce-2b595a2f7f07', 'Apollo 13: To the Edge and Back', '/assets/img/content/main/card.jpg', 'Surveyor', 5243, 2195, 9);
insert into book (pub_date, is_bestseller, slug, title, image_, description, priceOld, price, discount) values ('2022-03-11', 60, '71e66a1c-11ea-44b0-8ac4-19fccd0acd0e', 'Kiss Kiss Bang Bang', '/assets/img/content/main/card.jpg', 'Construction Manager', 5592, 356, 54);
insert into book (pub_date, is_bestseller, slug, title, image_, description, priceOld, price, discount) values ('2021-09-14', 93, '0122d22c-c47f-46a9-b87f-d922e6786174', 'World According to Sesame Street, The', '/assets/img/content/main/card.jpg', 'Supervisor', 4320, 3669, 79);
insert into book (pub_date, is_bestseller, slug, title, image_, description, priceOld, price, discount) values ('2022-03-18', 102, '43693705-2dd8-4c94-a3b1-c7711bcf6afa', 'Bag of Bones', '/assets/img/content/main/card.jpg', 'Project Manager', 5494, 251, 80);
insert into book (pub_date, is_bestseller, slug, title, image_, description, priceOld, price, discount) values ('2022-04-11', 10, '728e431e-11f8-46ad-8054-fbb73897aadf', 'Two Bits', '/assets/img/content/main/card.jpg', 'Project Manager', 5168, 1488, 46);
insert into book (pub_date, is_bestseller, slug, title, image_, description, priceOld, price, discount) values ('2022-03-12', 36, 'c32a7fdd-5467-4da8-9f7d-96ab2077fd93', 'Disco Dancer', '/assets/img/content/main/card.jpg', 'Architect', 5301, 1674, 55);
insert into book (pub_date, is_bestseller, slug, title, image_, description, priceOld, price, discount) values ('2021-11-13', 123, '00e811cd-e25b-4bda-8fcc-ecfd8f5e346f', 'Session 9', '/assets/img/content/main/card.jpg', 'Construction Manager', 6833, 2944, 7);
insert into book (pub_date, is_bestseller, slug, title, image_, description, priceOld, price, discount) values ('2021-08-05', 11, '33d516b8-dac0-4f9e-98ae-52c45f8f8f49', 'Tales That Witness Madness', '/assets/img/content/main/card.jpg', 'Subcontractor', 4922, 3484, 76);
insert into book (pub_date, is_bestseller, slug, title, image_, description, priceOld, price, discount) values ('2021-07-14', -125, '18f23bb6-d904-416e-82b5-300f286320ab', 'Gunfighter''s Moon', '/assets/img/content/main/card.jpg', 'Engineer', 4420, 2760, 37);
insert into book (pub_date, is_bestseller, slug, title, image_, description, priceOld, price, discount) values ('2021-06-23', -117, '041dad9e-e63d-448d-ad3c-b961920dc3d3', 'Norbit', '/assets/img/content/main/card.jpg', 'Estimator', 6723, 3818, 74);
insert into book (pub_date, is_bestseller, slug, title, image_, description, priceOld, price, discount) values ('2021-08-21', -56, 'ea149ebf-8fe0-445c-953f-3b483e00adc6', 'Lost Weekend, The', '/assets/img/content/main/card.jpg', 'Architect', 5418, 797, 16);
insert into book (pub_date, is_bestseller, slug, title, image_, description, priceOld, price, discount) values ('2022-01-05', 108, '1c327e8e-d672-4596-a409-0ce50e234b90', 'Phoebe in Wonderland', '/assets/img/content/main/card.jpg', 'Electrician', 5974, 3985, 76);
insert into book (pub_date, is_bestseller, slug, title, image_, description, priceOld, price, discount) values ('2022-04-17', -28, '8a3df0a4-46fc-4f35-a243-36c0f1822f60', 'How the Myth Was Made: A Study of Robert Flaherty''s Man of Aran', '/assets/img/content/main/card.jpg', 'Supervisor', 5610, 944, 79);
insert into book (pub_date, is_bestseller, slug, title, image_, description, priceOld, price, discount) values ('2021-07-22', 35, '86827116-3bb1-43b1-8708-9b90c545d01f', 'Brave New World', '/assets/img/content/main/card.jpg', 'Surveyor', 6285, 1651, 38);
insert into book (pub_date, is_bestseller, slug, title, image_, description, priceOld, price, discount) values ('2022-04-27', 4, '8ca4977b-9c46-4aeb-b77c-3438cfc64b33', 'Tenant, The (Locataire, Le)', '/assets/img/content/main/card.jpg', 'Project Manager', 5476, 560, 56);
insert into book (pub_date, is_bestseller, slug, title, image_, description, priceOld, price, discount) values ('2021-12-21', -122, '6fd334b6-78b0-40b3-8fdb-f57d5e5623b3', 'Keep the River on Your Right: A Modern Cannibal Tale', '/assets/img/content/main/card.jpg', 'Architect', 7199, 1171, 25);
insert into book (pub_date, is_bestseller, slug, title, image_, description, priceOld, price, discount) values ('2022-03-15', 34, 'b644a327-7630-421a-beca-14b4dc1bea9d', 'Hellraiser: Hellworld', '/assets/img/content/main/card.jpg', 'Engineer', 6995, 837, 13);
insert into book (pub_date, is_bestseller, slug, title, image_, description, priceOld, price, discount) values ('2021-07-15', -100, '9528398b-6fa1-4889-a3b4-02df818f6f4c', 'Ordinary Sinner', '/assets/img/content/main/card.jpg', 'Architect', 5085, 316, 21);
insert into book (pub_date, is_bestseller, slug, title, image_, description, priceOld, price, discount) values ('2021-09-04', -21, '77538ef5-21dd-45b7-97b8-2ac4f43b19e7', 'Magicians', '/assets/img/content/main/card.jpg', 'Surveyor', 4880, 3368, 73);
insert into book (pub_date, is_bestseller, slug, title, image_, description, priceOld, price, discount) values ('2021-08-27', 88, '8a2a7a1f-06df-4c90-afc5-ea8f68bde1c4', 'Future, The', '/assets/img/content/main/card.jpg', 'Supervisor', 6873, 1598, 89);
insert into book (pub_date, is_bestseller, slug, title, image_, description, priceOld, price, discount) values ('2022-03-23', 3, '58c726c4-cca5-407d-ae62-90770403553a', 'Forbidden', '/assets/img/content/main/card.jpg', 'Construction Foreman', 5148, 1156, 34);
insert into book (pub_date, is_bestseller, slug, title, image_, description, priceOld, price, discount) values ('2021-11-18', -71, 'ef28915d-1f8a-4d12-b71f-360f54e6467b', 'Invisible Invaders', '/assets/img/content/main/card.jpg', 'Electrician', 6496, 1169, 61);
insert into book (pub_date, is_bestseller, slug, title, image_, description, priceOld, price, discount) values ('2022-03-27', 70, 'fedb0f65-edb0-4a17-9ab6-338f45856930', 'Windows', '/assets/img/content/main/card.jpg', 'Construction Expeditor', 5262, 2056, 9);
insert into book (pub_date, is_bestseller, slug, title, image_, description, priceOld, price, discount) values ('2022-05-19', 54, '11535526-ca6a-4a0e-b2d8-528c8b0c102d', 'Misfortunates, The (De helaasheid der dingen)', '/assets/img/content/main/card.jpg', 'Engineer', 7724, 3427, 3);
insert into book (pub_date, is_bestseller, slug, title, image_, description, priceOld, price, discount) values ('2021-11-05', -100, '5018d922-cc59-4c54-ae26-51c17c6722c7', 'Lumberjacking (Nuoruuteni savotat)', '/assets/img/content/main/card.jpg', 'Construction Manager', 7766, 659, 37);
insert into book (pub_date, is_bestseller, slug, title, image_, description, priceOld, price, discount) values ('2021-08-29', -68, '4fda3250-76ca-49bb-a765-5077c7e18e14', 'Joke, The (Zert)', '/assets/img/content/main/card.jpg', 'Construction Worker', 6707, 3085, 93);
insert into book (pub_date, is_bestseller, slug, title, image_, description, priceOld, price, discount) values ('2021-11-29', 20, '8cb6391e-23f4-4bad-a5b0-152327d682a3', 'Bad Men of Missouri', '/assets/img/content/main/card.jpg', 'Surveyor', 4521, 1481, 73);
insert into book (pub_date, is_bestseller, slug, title, image_, description, priceOld, price, discount) values ('2022-03-27', 59, '9538b97c-7fe3-44af-9809-36c74a34956d', 'Scandal', '/assets/img/content/main/card.jpg', 'Architect', 6137, 2152, 22);
insert into book (pub_date, is_bestseller, slug, title, image_, description, priceOld, price, discount) values ('2021-07-04', -26, '2f4ba7ea-5e95-453f-adc6-077a76b992bc', 'Racing with the Moon', '/assets/img/content/main/card.jpg', 'Surveyor', 4925, 3880, 92);
insert into book (pub_date, is_bestseller, slug, title, image_, description, priceOld, price, discount) values ('2022-05-23', 28, '25893e99-6c88-46ac-b24a-6446a6cba3a6', 'Behind Enemy Lines: Colombia (Behind Enemy Lines 3: Ghost Watch)', '/assets/img/content/main/card.jpg', 'Subcontractor', 4517, 1396, 68);
insert into book (pub_date, is_bestseller, slug, title, image_, description, priceOld, price, discount) values ('2022-04-01', 0, '7570601b-804a-404d-bc27-8a50d325d868', 'Book of Love', '/assets/img/content/main/card.jpg', 'Project Manager', 6275, 2005, 31);
insert into book (pub_date, is_bestseller, slug, title, image_, description, priceOld, price, discount) values ('2022-01-29', 28, '0b78cc7b-4ef2-4dcc-b157-b338b0972d14', 'Infernal Affairs 2 (Mou gaan dou II)', '/assets/img/content/main/card.jpg', 'Architect', 6066, 2594, 5);
insert into book (pub_date, is_bestseller, slug, title, image_, description, priceOld, price, discount) values ('2022-03-12', -83, '56c58505-2d43-46b3-8b53-efe2aad6775e', 'Bitch Slap', '/assets/img/content/main/card.jpg', 'Project Manager', 7048, 2937, 38);
insert into book (pub_date, is_bestseller, slug, title, image_, description, priceOld, price, discount) values ('2022-05-20', 78, '082b8474-29fe-4ccd-9e9f-f08e236eda5f', 'Fourth State, The (Die vierte Macht)', '/assets/img/content/main/card.jpg', 'Architect', 4971, 2279, 60);
insert into book (pub_date, is_bestseller, slug, title, image_, description, priceOld, price, discount) values ('2022-06-01', -71, '19c4ce03-cd9e-4653-8343-b92773323288', 'The Legend of Sarila', '/assets/img/content/main/card.jpg', 'Surveyor', 7747, 1705, 21);
insert into book (pub_date, is_bestseller, slug, title, image_, description, priceOld, price, discount) values ('2022-04-01', 41, '896e0469-2433-4875-b805-fc2e13a106b0', 'Racket, The', '/assets/img/content/main/card.jpg', 'Electrician', 4100, 1913, 50);
insert into book (pub_date, is_bestseller, slug, title, image_, description, priceOld, price, discount) values ('2022-05-23', 72, 'af2402fc-fc71-4a31-aee2-d0f8f7134999', 'People of the Wind', '/assets/img/content/main/card.jpg', 'Construction Manager', 7882, 2517, 27);
insert into book (pub_date, is_bestseller, slug, title, image_, description, priceOld, price, discount) values ('2021-12-27', -106, '217f55ee-7fd8-436f-a45e-a99a139c52a1', 'The Adventures of Hercules', '/assets/img/content/main/card.jpg', 'Construction Expeditor', 7779, 1352, 73);
insert into book (pub_date, is_bestseller, slug, title, image_, description, priceOld, price, discount) values ('2022-02-16', 56, 'f7e52e30-45f3-4702-bbd6-4e1824b5fedf', 'Lovely to Look At', '/assets/img/content/main/card.jpg', 'Subcontractor', 6338, 3328, 36);
insert into book (pub_date, is_bestseller, slug, title, image_, description, priceOld, price, discount) values ('2022-03-08', -80, 'ed2e7d4d-b770-410e-86c6-e67b671d490d', 'Saw II', '/assets/img/content/main/card.jpg', 'Estimator', 5594, 348, 24);
insert into book (pub_date, is_bestseller, slug, title, image_, description, priceOld, price, discount) values ('2022-05-30', -47, '75af918f-8b67-4c85-a2a9-1dd06d4fa564', 'Italian for Beginners (Italiensk for begyndere)', '/assets/img/content/main/card.jpg', 'Construction Manager', 5635, 2822, 73);
insert into book (pub_date, is_bestseller, slug, title, image_, description, priceOld, price, discount) values ('2021-09-20', 82, 'e0fd85c2-fedb-4569-b823-6774f41e708c', 'Plan 9 from Outer Space', '/assets/img/content/main/card.jpg', 'Supervisor', 7452, 2515, 76);
insert into book (pub_date, is_bestseller, slug, title, image_, description, priceOld, price, discount) values ('2022-03-31', -113, '6b880850-66e8-4d4a-8190-db0c33ff425d', 'American Raspberry (Prime Time) (Funny America)', '/assets/img/content/main/card.jpg', 'Subcontractor', 5334, 3800, 11);
insert into book (pub_date, is_bestseller, slug, title, image_, description, priceOld, price, discount) values ('2022-01-05', 25, 'b1ce2668-3636-4090-b184-f75259f8f085', 'Winning Team, The', '/assets/img/content/main/card.jpg', 'Electrician', 5628, 3116, 10);
insert into book (pub_date, is_bestseller, slug, title, image_, description, priceOld, price, discount) values ('2021-06-29', 58, 'f63556ce-f593-46fc-9ac0-d7f6c7a822f7', 'Night at the Museum: Battle of the Smithsonian', '/assets/img/content/main/card.jpg', 'Construction Worker', 7247, 2518, 19);
insert into book (pub_date, is_bestseller, slug, title, image_, description, priceOld, price, discount) values ('2022-05-29', -66, 'b9946f20-b404-4359-906b-8ba45f2bf863', 'Spring', '/assets/img/content/main/card.jpg', 'Engineer', 7846, 3353, 60);
insert into book (pub_date, is_bestseller, slug, title, image_, description, priceOld, price, discount) values ('2021-11-24', 75, 'f65d1dde-c31f-4247-8e02-1bc56b8441c5', 'Dandelion', '/assets/img/content/main/card.jpg', 'Construction Expeditor', 5669, 1987, 38);
insert into book (pub_date, is_bestseller, slug, title, image_, description, priceOld, price, discount) values ('2021-10-23', -88, 'ffe76f36-3c75-4ed6-8484-5a3a483aa5bd', 'Rapture-Palooza', '/assets/img/content/main/card.jpg', 'Construction Manager', 7820, 668, 16);
insert into book (pub_date, is_bestseller, slug, title, image_, description, priceOld, price, discount) values ('2021-10-23', 82, '6772bc90-5bf0-4e91-b1a8-9d76bd05ad03', 'Thirteen Days', '/assets/img/content/main/card.jpg', 'Construction Worker', 7431, 1615, 56);
insert into book (pub_date, is_bestseller, slug, title, image_, description, priceOld, price, discount) values ('2021-08-09', 119, '834a9a85-d0bd-484f-adda-e2f08a6e56ab', 'Keeper of Lost Causes, The (Kvinden i buret)', '/assets/img/content/main/card.jpg', 'Surveyor', 5232, 3878, 48);
insert into book (pub_date, is_bestseller, slug, title, image_, description, priceOld, price, discount) values ('2022-02-22', -15, '73f71b30-f4ea-45c6-81f4-8c8b3ae86767', 'Evil Dead', '/assets/img/content/main/card.jpg', 'Architect', 5560, 3126, 79);
insert into book (pub_date, is_bestseller, slug, title, image_, description, priceOld, price, discount) values ('2022-03-19', -78, 'af4a59d8-de30-4529-a559-005becc89d7d', 'Allegheny Uprising', '/assets/img/content/main/card.jpg', 'Supervisor', 6130, 1111, 16);
insert into book (pub_date, is_bestseller, slug, title, image_, description, priceOld, price, discount) values ('2022-05-20', 9, 'ecd6725b-705b-432f-b4c6-d54a84310256', 'Cassandra''s Dream', '/assets/img/content/main/card.jpg', 'Electrician', 5850, 467, 81);
insert into book (pub_date, is_bestseller, slug, title, image_, description, priceOld, price, discount) values ('2021-11-25', 78, '5cf32a4e-4e17-4ea2-b80f-208c728f65e4', 'Top Banana', '/assets/img/content/main/card.jpg', 'Project Manager', 5076, 3168, 96);
insert into book (pub_date, is_bestseller, slug, title, image_, description, priceOld, price, discount) values ('2021-09-02', -3, 'd6492011-e937-47da-afd4-c5db24a27b6f', 'Guru, The', '/assets/img/content/main/card.jpg', 'Construction Worker', 5259, 2439, 82);
insert into book (pub_date, is_bestseller, slug, title, image_, description, priceOld, price, discount) values ('2022-03-22', -105, 'f09db7e7-1770-4f92-b083-9cd4953b71ef', 'Fahrenhype 9/11', '/assets/img/content/main/card.jpg', 'Architect', 4031, 3446, 16);
insert into book (pub_date, is_bestseller, slug, title, image_, description, priceOld, price, discount) values ('2021-08-21', -8, '1da1993d-6e18-46f1-b7b1-d0d2efdb1a7f', 'Human Centipede II (Full Sequence), The', '/assets/img/content/main/card.jpg', 'Construction Manager', 5807, 1595, 35);
insert into book (pub_date, is_bestseller, slug, title, image_, description, priceOld, price, discount) values ('2022-05-13', -43, '391c0e8a-1e08-4972-bfce-d643423f8b66', 'Tomcats', '/assets/img/content/main/card.jpg', 'Supervisor', 6571, 3510, 6);
insert into book (pub_date, is_bestseller, slug, title, image_, description, priceOld, price, discount) values ('2022-04-24', -39, 'adc2071f-c8cb-4fb8-a2d7-6185e0490f62', 'The Fox and the Hound 2', '/assets/img/content/main/card.jpg', 'Construction Expeditor', 6668, 3398, 23);
insert into book (pub_date, is_bestseller, slug, title, image_, description, priceOld, price, discount) values ('2021-11-05', -69, 'f64dbd36-c7fd-43f5-a65b-ad06dca0d8d7', 'Spider', '/assets/img/content/main/card.jpg', 'Architect', 7659, 1366, 56);
insert into book (pub_date, is_bestseller, slug, title, image_, description, priceOld, price, discount) values ('2022-02-08', 92, '0ed93904-f15f-49a7-8ea3-6e2acd1640c9', 'Holy Guests (Ha-Ushpizin)', '/assets/img/content/main/card.jpg', 'Surveyor', 6409, 2007, 23);
insert into book (pub_date, is_bestseller, slug, title, image_, description, priceOld, price, discount) values ('2022-06-02', 94, 'd5543e01-17c1-4eb3-87d4-1acc30f3341a', 'Nemesis 3: Time Lapse', '/assets/img/content/main/card.jpg', 'Estimator', 5287, 2700, 86);
insert into book (pub_date, is_bestseller, slug, title, image_, description, priceOld, price, discount) values ('2021-10-15', 13, '33652e82-d505-495d-bc9e-174a64fd043c', 'Beach Blanket Bingo', '/assets/img/content/main/card.jpg', 'Architect', 6296, 3350, 1);
insert into book (pub_date, is_bestseller, slug, title, image_, description, priceOld, price, discount) values ('2022-04-03', -44, 'ff97be26-f5a9-494d-8810-2b3a31f60160', 'Road to Hong Kong, The', '/assets/img/content/main/card.jpg', 'Supervisor', 7887, 2974, 94);
insert into book (pub_date, is_bestseller, slug, title, image_, description, priceOld, price, discount) values ('2022-05-23', -126, 'ae45292a-7a55-4c1e-8c48-f8026118bd46', 'Inhuman Resources (Redd Inc.)', '/assets/img/content/main/card.jpg', 'Estimator', 4013, 3646, 73);
insert into book (pub_date, is_bestseller, slug, title, image_, description, priceOld, price, discount) values ('2022-03-20', 18, 'fc940124-55da-495d-8847-809737d1cb6c', 'The Challenge', '/assets/img/content/main/card.jpg', 'Subcontractor', 4472, 1607, 68);
insert into book (pub_date, is_bestseller, slug, title, image_, description, priceOld, price, discount) values ('2021-07-07', -103, '55efb7d1-e690-4768-ac5a-f370c0173c4b', 'All the Way Boys (Più forte, ragazzi!)', '/assets/img/content/main/card.jpg', 'Estimator', 7004, 3041, 68);
insert into book (pub_date, is_bestseller, slug, title, image_, description, priceOld, price, discount) values ('2022-05-20', -25, 'ae2b429f-8e6b-4acf-ba6a-6545bfdc2feb', 'C.O.G.', '/assets/img/content/main/card.jpg', 'Engineer', 4683, 862, 69);
insert into book (pub_date, is_bestseller, slug, title, image_, description, priceOld, price, discount) values ('2022-01-04', 81, 'a0343c42-c77f-458e-b31f-a2495789e41b', 'Wild Oranges', '/assets/img/content/main/card.jpg', 'Construction Expeditor', 5592, 2756, 87);
insert into book (pub_date, is_bestseller, slug, title, image_, description, priceOld, price, discount) values ('2022-06-11', -118, 'c5eec414-40af-41e9-8ad6-8f4d4170c467', 'Monkey Shines', '/assets/img/content/main/card.jpg', 'Construction Expeditor', 6087, 1443, 86);
insert into book (pub_date, is_bestseller, slug, title, image_, description, priceOld, price, discount) values ('2021-06-26', 60, '9e0e9c2f-5d6c-4974-bb62-ab91be2fec12', 'Night of the Generals, The', '/assets/img/content/main/card.jpg', 'Engineer', 7138, 1458, 26);
insert into book (pub_date, is_bestseller, slug, title, image_, description, priceOld, price, discount) values ('2021-07-30', 111, '597e9511-f867-47c8-b8b9-d162736ca849', 'Outcast of the Islands', '/assets/img/content/main/card.jpg', 'Supervisor', 6138, 1812, 10);
insert into book (pub_date, is_bestseller, slug, title, image_, description, priceOld, price, discount) values ('2022-05-28', -34, 'e7fbaf1e-01fc-4621-a7c7-6d405e7816e2', 'Think Fast, Mr. Moto', '/assets/img/content/main/card.jpg', 'Electrician', 7754, 3032, 95);
insert into book (pub_date, is_bestseller, slug, title, image_, description, priceOld, price, discount) values ('2021-12-21', 127, '6628d790-95f9-4ecf-bdc4-ead8646a5751', 'Siddhartha', '/assets/img/content/main/card.jpg', 'Surveyor', 5637, 397, 28);
insert into book (pub_date, is_bestseller, slug, title, image_, description, priceOld, price, discount) values ('2021-07-06', -85, 'a492d765-4e06-4f35-b53c-00ea751887d0', '[REC]²', '/assets/img/content/main/card.jpg', 'Estimator', 5506, 2399, 27);
insert into book (pub_date, is_bestseller, slug, title, image_, description, priceOld, price, discount) values ('2021-08-11', 103, '770c8787-1d30-44b6-a723-17bda5cb7237', 'Den sommeren jeg fylte 15', '/assets/img/content/main/card.jpg', 'Engineer', 7543, 652, 5);
insert into book (pub_date, is_bestseller, slug, title, image_, description, priceOld, price, discount) values ('2022-03-30', -100, 'cde97f98-c5e0-4184-817a-cfdd53a2f487', 'The Left Handed Gun', '/assets/img/content/main/card.jpg', 'Construction Manager', 7805, 2167, 88);
insert into book (pub_date, is_bestseller, slug, title, image_, description, priceOld, price, discount) values ('2021-06-19', 36, '8f941bd3-234f-4320-b1e8-e86bfe6066a1', 'Street Fighter II: The Animated Movie (Sutorîto Faitâ II gekijô-ban)', '/assets/img/content/main/card.jpg', 'Electrician', 7809, 1722, 5);
insert into book (pub_date, is_bestseller, slug, title, image_, description, priceOld, price, discount) values ('2021-06-20', -28, 'e526d388-56a6-42ce-8170-ace91cfcc208', 'Ain''t Them Bodies Saints', '/assets/img/content/main/card.jpg', 'Construction Manager', 6398, 568, 14);
insert into book (pub_date, is_bestseller, slug, title, image_, description, priceOld, price, discount) values ('2022-05-02', 2, 'baeab89d-0283-419a-bf54-9fd37234aa1e', 'Shooting Gallery', '/assets/img/content/main/card.jpg', 'Construction Manager', 7224, 1612, 47);
insert into book (pub_date, is_bestseller, slug, title, image_, description, priceOld, price, discount) values ('2021-09-27', 125, '473ea7ad-9621-4c32-adaf-4ae1273ddeaa', 'Carmina or Blow Up (Carmina o revienta)', '/assets/img/content/main/card.jpg', 'Construction Expeditor', 4601, 2449, 64);
insert into book (pub_date, is_bestseller, slug, title, image_, description, priceOld, price, discount) values ('2022-06-02', -67, '042d0e12-37b1-4e58-b9e6-b7a65e4e554f', 'Tokyo.Sora', '/assets/img/content/main/card.jpg', 'Subcontractor', 4181, 629, 56);
insert into book (pub_date, is_bestseller, slug, title, image_, description, priceOld, price, discount) values ('2022-05-05', 112, '93d5f07e-c679-4c35-bbed-61bdfcb9deca', 'Innocent Affair, An (Don''t Trust Your Husband) (Under Suspicion)', '/assets/img/content/main/card.jpg', 'Electrician', 5697, 2419, 41);
insert into book (pub_date, is_bestseller, slug, title, image_, description, priceOld, price, discount) values ('2022-03-09', -66, '92d044a9-e5f6-489f-ae97-df7a945ac2bc', 'Rock Star', '/assets/img/content/main/card.jpg', 'Construction Expeditor', 7255, 2953, 24);
insert into book (pub_date, is_bestseller, slug, title, image_, description, priceOld, price, discount) values ('2021-12-13', 16, 'c637d6cc-4ea5-4fca-827b-19687edad2d8', 'Steamboat Bill, Jr.', '/assets/img/content/main/card.jpg', 'Construction Expeditor', 6420, 110, 19);
insert into book (pub_date, is_bestseller, slug, title, image_, description, priceOld, price, discount) values ('2021-06-19', -26, '35ef8b56-2015-41d0-8121-ff913bcf8ca8', 'Natural Born Killers', '/assets/img/content/main/card.jpg', 'Construction Worker', 5404, 1494, 67);
insert into book (pub_date, is_bestseller, slug, title, image_, description, priceOld, price, discount) values ('2022-04-11', -107, 'dbbb171c-3ce9-4079-8bde-806baefd8fa8', 'Battling Butler', '/assets/img/content/main/card.jpg', 'Architect', 5397, 1107, 77);
insert into book (pub_date, is_bestseller, slug, title, image_, description, priceOld, price, discount) values ('2021-08-05', 51, 'b2c12ecb-413c-4202-8948-b9cef466854c', 'Getting Back to Abnormal', '/assets/img/content/main/card.jpg', 'Electrician', 6349, 587, 21);
insert into book (pub_date, is_bestseller, slug, title, image_, description, priceOld, price, discount) values ('2022-05-04', 87, 'f613da79-53e7-4108-b6da-5417343b3403', 'Dead of the Nite', '/assets/img/content/main/card.jpg', 'Construction Foreman', 5939, 893, 96);
insert into book (pub_date, is_bestseller, slug, title, image_, description, priceOld, price, discount) values ('2021-09-20', 68, 'ee000630-f738-4bb6-818d-2827ec2222e5', 'Dead Awake', '/assets/img/content/main/card.jpg', 'Estimator', 6145, 1292, 55);
insert into book (pub_date, is_bestseller, slug, title, image_, description, priceOld, price, discount) values ('2022-01-18', 20, 'a552e42d-7796-4209-bcbd-8c542ec8cdd7', 'House of Bamboo', '/assets/img/content/main/card.jpg', 'Construction Worker', 6595, 1209, 99);
insert into book (pub_date, is_bestseller, slug, title, image_, description, priceOld, price, discount) values ('2022-06-06', -79, '74f02e56-4537-4f86-bf05-aadf6fb6a55f', 'Men at Work', '/assets/img/content/main/card.jpg', 'Supervisor', 7421, 3580, 74);
-- BOOK CONTENT - FINISH
-- AUTHOR CONTENT - START
insert into author (photo, slug, name, description) values ('/assets/img/content/main/author.jpg', '15j2yCD2y6bFmVRMtNtGo4b6ryDqPN9BHV', 'Basilio Batsford', 'Otogenic pain');
insert into author (photo, slug, name, description) values ('/assets/img/content/main/author.jpg', '1F6u1L94kt6zyvCNTp4Y3Az7oFGsRFAJaF', 'Gertruda Fulop', 'Adv eff blood agent NOS');
insert into author (photo, slug, name, description) values ('/assets/img/content/main/author.jpg', '15gUjSgZ5v1Vk7ZpDGk2v1Nn1as9m1PtQ7', 'Clara Attridge', 'React-inter joint prost');
insert into author (photo, slug, name, description) values ('/assets/img/content/main/author.jpg', '142pnJkj3UiK6pPH5WCkhrDZPjGsJYZMkM', 'Katy Cadding', 'Viral meningitis NOS');
insert into author (photo, slug, name, description) values ('/assets/img/content/main/author.jpg', '152sjYJ36bjQEzfLrGtrGimRC4VSbw9qej', 'Giuseppe Thaine', 'Grand mal status');
insert into author (photo, slug, name, description) values ('/assets/img/content/main/author.jpg', '1F9phgQ5HYxJAMdAD3pytaQsh8qREBDKXY', 'Raimund Bichener', '50-59% bdy brn/20-29% 3d');
insert into author (photo, slug, name, description) values ('/assets/img/content/main/author.jpg', '19sVaWErjcrw38YAphVbwQcoFGyfBexVij', 'Tonie Paolone', 'Caregiving NEC');
insert into author (photo, slug, name, description) values ('/assets/img/content/main/author.jpg', '16mzVonS6SuayqiKuBDGqRA9tFptayhEk4', 'Clevie Pedrollo', 'Pulm alveolar microlith');
insert into author (photo, slug, name, description) values ('/assets/img/content/main/author.jpg', '12rTQSTHHYoaNuTWZ1dSth6J9koQ51RMk6', 'Rhianon Whild', 'Fam hx MEN syndrome');
insert into author (photo, slug, name, description) values ('/assets/img/content/main/author.jpg', '1FA9t6cqpRRT3QpVkSqauouHWSxFX9JvCs', 'Margie Milley', 'Fetopelv disprop-unspec');
insert into author (photo, slug, name, description) values ('/assets/img/content/main/author.jpg', '1FuJfNywb6MBNdRQXtTWoDzQjZCbGgaKAf', 'Lammond Koeppke', 'Liveborn NOS-hosp w/o cs');
insert into author (photo, slug, name, description) values ('/assets/img/content/main/author.jpg', '1AaPm9JgW4XzkokMdGDdXdVWqgxWfgNYyy', 'Martelle Duigan', 'Bsl cel skn face NEC/NOS');
insert into author (photo, slug, name, description) values ('/assets/img/content/main/author.jpg', '1FvLcbmC4jAv1aKWFtktiscncstRy2kuxg', 'Curran Lindenman', 'Amebic skin ulceration');
insert into author (photo, slug, name, description) values ('/assets/img/content/main/author.jpg', '1MpCgf7b2K3ugxWGhryRNfgGeNcSYqBLyy', 'Andie Spinney', 'Tibial coll lig bursitis');
insert into author (photo, slug, name, description) values ('/assets/img/content/main/author.jpg', '13cVpuH7M1knLSDhJuQWzBJCNqXx6DLvoH', 'Nanete Crumly', 'Jt derangment NEC-pelvis');
insert into author (photo, slug, name, description) values ('/assets/img/content/main/author.jpg', '1F66RQAdGFS9uVjkfGKXp6NVKNxm7DTPnm', 'Rees Belch', 'Opn brain inj w/o coma');
insert into author (photo, slug, name, description) values ('/assets/img/content/main/author.jpg', '1Kr5gqKWy1u5u2obEKqtGXWN3aW5RsDsuJ', 'Carolyne Figurski', 'Joint pain-unspec');
insert into author (photo, slug, name, description) values ('/assets/img/content/main/author.jpg', '1C3AbRQFv2CV6Gri7uei4S1kBW4b4qcxrQ', 'Bevon Grgic', 'Poisoning-system agt NEC');
insert into author (photo, slug, name, description) values ('/assets/img/content/main/author.jpg', '1Dg1CqTyTBZE6vG8GdD1t7XMJ5SaAR5EzQ', 'Erik Presnail', 'Fracture patella-open');
insert into author (photo, slug, name, description) values ('/assets/img/content/main/author.jpg', '1HT58gDmscHjUSGq5n2qm4n5Me2SSDGr93', 'Laurie Deroche', 'Injury accessory nerve');
insert into author (photo, slug, name, description) values ('/assets/img/content/main/author.jpg', '1DGVVqeRHK2zDGdRNtsxhwz259zBTpqgn4', 'Shoshanna Goneau', 'Flu dt nvl A vrs w pneu');
insert into author (photo, slug, name, description) values ('/assets/img/content/main/author.jpg', '1G7hatMmzxTvhh5sJz7n4xBSCoY7zPgxKh', 'Shelley Roggers', 'Valgus deformity wrist');
insert into author (photo, slug, name, description) values ('/assets/img/content/main/author.jpg', '1MaE753zhBDiE5j8BpPp1amj1aJsCnrmgX', 'Tamar Dreger', 'Dosag fail-shock therapy');
insert into author (photo, slug, name, description) values ('/assets/img/content/main/author.jpg', '1ET2pVggyKr9WvqUhmZnFYz6xpwc2mgTpN', 'Pauli Hatchett', 'Cortex lacerat-prol coma');
insert into author (photo, slug, name, description) values ('/assets/img/content/main/author.jpg', '1NUp6PcbtMcUWoRMPPhhRKiDsdDNehFjdb', 'Kent Perchard', 'Recur preg loss-unspec');
insert into author (photo, slug, name, description) values ('/assets/img/content/main/author.jpg', '13uBTV7qN9vPSu1YxJoe5QRj3dpt45zJmj', 'Forbes O''Doireidh', 'Placental polyp-unspec');
insert into author (photo, slug, name, description) values ('/assets/img/content/main/author.jpg', '13G6F4ZE7kEmtE1pHy9hQx8mknym2fdH1h', 'Cornelia Morffew', 'Constipation NOS');
insert into author (photo, slug, name, description) values ('/assets/img/content/main/author.jpg', '17dSdihbUoh9Zi7ryNzfmBfoHFBcig1Ehp', 'Addia Bysshe', 'Bipol I currnt mixed-mod');
insert into author (photo, slug, name, description) values ('/assets/img/content/main/author.jpg', '123iFHJieATQRdVfkAy2RTh5sTNPLmnMNp', 'Mercy Barnet', 'Fx clavicle NOS-closed');
insert into author (photo, slug, name, description) values ('/assets/img/content/main/author.jpg', '1ENWAZr5Q3oxb8HvcmCrsUi3CydHiTHPC1', 'Pen Crush', 'Nasal bone fx-open');
insert into author (photo, slug, name, description) values ('/assets/img/content/main/author.jpg', '12CgpMeHm8KfAtNHB8vMkVUtfox9e9C3gR', 'Lauretta Berger', 'Sensor prob w neck/trunk');
insert into author (photo, slug, name, description) values ('/assets/img/content/main/author.jpg', '1KJGJeUc8RyeC2XxcWpCML4kxA7BEEpPJA', 'Ann-marie Carver', 'Heat exhaust-anhydrotic');
insert into author (photo, slug, name, description) values ('/assets/img/content/main/author.jpg', '1KNGTKEmZTZRPNDg53JRyBDRZkPbJZhT1L', 'Niel Phizakarley', 'Hypopotassemia');

-- AUTHOR CONTENT - FINISH

-- book2author CONTENT - START
insert into book2author (book_id, author_id, sort_index) values (1, 12, 1);
insert into book2author (book_id, author_id, sort_index) values (1, 29, 2);
insert into book2author (book_id, author_id, sort_index) values (1, 5, 3);
insert into book2author (book_id, author_id, sort_index) values (2, 24, 1);
insert into book2author (book_id, author_id, sort_index) values (2, 21, 2);
insert into book2author (book_id, author_id, sort_index) values (3, 19, 1);
insert into book2author (book_id, author_id, sort_index) values (3, 18, 2);
insert into book2author (book_id, author_id, sort_index) values (3, 4, 3);
insert into book2author (book_id, author_id, sort_index) values (4, 27, 1);
insert into book2author (book_id, author_id, sort_index) values (4, 8, 2);
insert into book2author (book_id, author_id, sort_index) values (5, 2, 1);
insert into book2author (book_id, author_id, sort_index) values (5, 11, 2);
insert into book2author (book_id, author_id, sort_index) values (5, 23, 3);
insert into book2author (book_id, author_id, sort_index) values (6, 17, 1);
insert into book2author (book_id, author_id, sort_index) values (6, 15, 2);
insert into book2author (book_id, author_id, sort_index) values (7, 3, 1);
insert into book2author (book_id, author_id, sort_index) values (7, 17, 2);
insert into book2author (book_id, author_id, sort_index) values (7, 32, 3);
insert into book2author (book_id, author_id, sort_index) values (8, 31, 1);
insert into book2author (book_id, author_id, sort_index) values (8, 24, 2);
insert into book2author (book_id, author_id, sort_index) values (9, 20, 1);
insert into book2author (book_id, author_id, sort_index) values (9, 14, 2);
insert into book2author (book_id, author_id, sort_index) values (9, 8, 3);
insert into book2author (book_id, author_id, sort_index) values (10, 17, 1);
insert into book2author (book_id, author_id, sort_index) values (10, 30, 2);
insert into book2author (book_id, author_id, sort_index) values (11, 16, 1);
insert into book2author (book_id, author_id, sort_index) values (11, 15, 2);
insert into book2author (book_id, author_id, sort_index) values (11, 2, 3);
insert into book2author (book_id, author_id, sort_index) values (12, 10, 1);
insert into book2author (book_id, author_id, sort_index) values (12, 6, 2);
insert into book2author (book_id, author_id, sort_index) values (13, 11, 1);
insert into book2author (book_id, author_id, sort_index) values (13, 5, 2);
insert into book2author (book_id, author_id, sort_index) values (13, 27, 3);
insert into book2author (book_id, author_id, sort_index) values (14, 4, 1);
insert into book2author (book_id, author_id, sort_index) values (14, 21, 2);
insert into book2author (book_id, author_id, sort_index) values (15, 24, 1);
insert into book2author (book_id, author_id, sort_index) values (15, 1, 2);
insert into book2author (book_id, author_id, sort_index) values (15, 12, 3);
insert into book2author (book_id, author_id, sort_index) values (16, 13, 1);
insert into book2author (book_id, author_id, sort_index) values (16, 9, 2);
insert into book2author (book_id, author_id, sort_index) values (17, 14, 1);
insert into book2author (book_id, author_id, sort_index) values (17, 13, 2);
insert into book2author (book_id, author_id, sort_index) values (17, 10, 3);
insert into book2author (book_id, author_id, sort_index) values (18, 7, 1);
insert into book2author (book_id, author_id, sort_index) values (18, 17, 2);
insert into book2author (book_id, author_id, sort_index) values (19, 22, 1);
insert into book2author (book_id, author_id, sort_index) values (19, 29, 2);
insert into book2author (book_id, author_id, sort_index) values (19, 17, 3);
insert into book2author (book_id, author_id, sort_index) values (20, 18, 1);
insert into book2author (book_id, author_id, sort_index) values (20, 14, 2);
insert into book2author (book_id, author_id, sort_index) values (21, 9, 1);
insert into book2author (book_id, author_id, sort_index) values (21, 6, 2);
insert into book2author (book_id, author_id, sort_index) values (21, 3, 3);
insert into book2author (book_id, author_id, sort_index) values (22, 24, 1);
insert into book2author (book_id, author_id, sort_index) values (22, 4, 2);
insert into book2author (book_id, author_id, sort_index) values (23, 10, 1);
insert into book2author (book_id, author_id, sort_index) values (23, 15, 2);
insert into book2author (book_id, author_id, sort_index) values (23, 3, 3);
insert into book2author (book_id, author_id, sort_index) values (24, 5, 1);
insert into book2author (book_id, author_id, sort_index) values (24, 21, 2);
insert into book2author (book_id, author_id, sort_index) values (25, 31, 1);
insert into book2author (book_id, author_id, sort_index) values (25, 26, 2);
insert into book2author (book_id, author_id, sort_index) values (25, 6, 3);
insert into book2author (book_id, author_id, sort_index) values (26, 31, 1);
insert into book2author (book_id, author_id, sort_index) values (26, 15, 2);
insert into book2author (book_id, author_id, sort_index) values (27, 5, 1);
insert into book2author (book_id, author_id, sort_index) values (27, 19, 2);
insert into book2author (book_id, author_id, sort_index) values (27, 28, 3);
insert into book2author (book_id, author_id, sort_index) values (28, 10, 1);
insert into book2author (book_id, author_id, sort_index) values (28, 17, 2);
insert into book2author (book_id, author_id, sort_index) values (29, 1, 1);
insert into book2author (book_id, author_id, sort_index) values (29, 6, 2);
insert into book2author (book_id, author_id, sort_index) values (29, 13, 3);
insert into book2author (book_id, author_id, sort_index) values (30, 16, 1);
insert into book2author (book_id, author_id, sort_index) values (30, 32, 2);
insert into book2author (book_id, author_id, sort_index) values (31, 17, 1);
insert into book2author (book_id, author_id, sort_index) values (31, 21, 2);
insert into book2author (book_id, author_id, sort_index) values (31, 31, 3);
insert into book2author (book_id, author_id, sort_index) values (32, 12, 1);
insert into book2author (book_id, author_id, sort_index) values (32, 4, 2);
insert into book2author (book_id, author_id, sort_index) values (33, 21, 1);
insert into book2author (book_id, author_id, sort_index) values (33, 5, 2);
insert into book2author (book_id, author_id, sort_index) values (33, 6, 3);
insert into book2author (book_id, author_id, sort_index) values (34, 23, 1);
insert into book2author (book_id, author_id, sort_index) values (34, 21, 2);
insert into book2author (book_id, author_id, sort_index) values (35, 29, 1);
insert into book2author (book_id, author_id, sort_index) values (35, 21, 2);
insert into book2author (book_id, author_id, sort_index) values (35, 15, 3);
insert into book2author (book_id, author_id, sort_index) values (36, 13, 1);
insert into book2author (book_id, author_id, sort_index) values (36, 2, 2);
insert into book2author (book_id, author_id, sort_index) values (37, 27, 1);
insert into book2author (book_id, author_id, sort_index) values (37, 28, 2);
insert into book2author (book_id, author_id, sort_index) values (37, 22, 3);
insert into book2author (book_id, author_id, sort_index) values (38, 23, 1);
insert into book2author (book_id, author_id, sort_index) values (38, 2, 2);
insert into book2author (book_id, author_id, sort_index) values (39, 29, 1);
insert into book2author (book_id, author_id, sort_index) values (39, 5, 2);
insert into book2author (book_id, author_id, sort_index) values (39, 3, 3);
insert into book2author (book_id, author_id, sort_index) values (40, 32, 1);
insert into book2author (book_id, author_id, sort_index) values (40, 23, 2);
insert into book2author (book_id, author_id, sort_index) values (41, 16, 1);
insert into book2author (book_id, author_id, sort_index) values (41, 31, 2);
insert into book2author (book_id, author_id, sort_index) values (41, 25, 3);
insert into book2author (book_id, author_id, sort_index) values (42, 26, 1);
insert into book2author (book_id, author_id, sort_index) values (42, 28, 2);
insert into book2author (book_id, author_id, sort_index) values (43, 33, 1);
insert into book2author (book_id, author_id, sort_index) values (43, 27, 2);
insert into book2author (book_id, author_id, sort_index) values (43, 15, 3);
insert into book2author (book_id, author_id, sort_index) values (44, 6, 1);
insert into book2author (book_id, author_id, sort_index) values (44, 14, 2);
insert into book2author (book_id, author_id, sort_index) values (45, 27, 1);
insert into book2author (book_id, author_id, sort_index) values (45, 3, 2);
insert into book2author (book_id, author_id, sort_index) values (45, 3, 3);
insert into book2author (book_id, author_id, sort_index) values (46, 15, 1);
insert into book2author (book_id, author_id, sort_index) values (46, 10, 2);
insert into book2author (book_id, author_id, sort_index) values (47, 32, 1);
insert into book2author (book_id, author_id, sort_index) values (47, 25, 2);
insert into book2author (book_id, author_id, sort_index) values (47, 4, 3);
insert into book2author (book_id, author_id, sort_index) values (48, 27, 1);
insert into book2author (book_id, author_id, sort_index) values (48, 2, 2);
insert into book2author (book_id, author_id, sort_index) values (49, 6, 1);
insert into book2author (book_id, author_id, sort_index) values (49, 15, 2);
insert into book2author (book_id, author_id, sort_index) values (49, 6, 3);
insert into book2author (book_id, author_id, sort_index) values (50, 9, 1);
insert into book2author (book_id, author_id, sort_index) values (50, 3, 2);
insert into book2author (book_id, author_id, sort_index) values (51, 13, 1);
insert into book2author (book_id, author_id, sort_index) values (51, 32, 2);
insert into book2author (book_id, author_id, sort_index) values (51, 18, 3);
insert into book2author (book_id, author_id, sort_index) values (52, 29, 1);
insert into book2author (book_id, author_id, sort_index) values (52, 7, 2);
insert into book2author (book_id, author_id, sort_index) values (53, 20, 1);
insert into book2author (book_id, author_id, sort_index) values (53, 23, 2);
insert into book2author (book_id, author_id, sort_index) values (53, 6, 3);
insert into book2author (book_id, author_id, sort_index) values (54, 25, 1);
insert into book2author (book_id, author_id, sort_index) values (54, 16, 2);
insert into book2author (book_id, author_id, sort_index) values (55, 3, 1);
insert into book2author (book_id, author_id, sort_index) values (55, 5, 2);
insert into book2author (book_id, author_id, sort_index) values (55, 2, 3);
insert into book2author (book_id, author_id, sort_index) values (56, 1, 1);
insert into book2author (book_id, author_id, sort_index) values (56, 16, 2);
insert into book2author (book_id, author_id, sort_index) values (57, 13, 1);
insert into book2author (book_id, author_id, sort_index) values (57, 16, 2);
insert into book2author (book_id, author_id, sort_index) values (57, 32, 3);
insert into book2author (book_id, author_id, sort_index) values (58, 6, 1);
insert into book2author (book_id, author_id, sort_index) values (58, 25, 2);
insert into book2author (book_id, author_id, sort_index) values (59, 7, 1);
insert into book2author (book_id, author_id, sort_index) values (59, 7, 2);
insert into book2author (book_id, author_id, sort_index) values (59, 17, 3);
insert into book2author (book_id, author_id, sort_index) values (60, 10, 1);
insert into book2author (book_id, author_id, sort_index) values (60, 4, 2);
insert into book2author (book_id, author_id, sort_index) values (61, 3, 1);
insert into book2author (book_id, author_id, sort_index) values (61, 3, 2);
insert into book2author (book_id, author_id, sort_index) values (61, 13, 3);
insert into book2author (book_id, author_id, sort_index) values (62, 8, 1);
insert into book2author (book_id, author_id, sort_index) values (62, 19, 2);
insert into book2author (book_id, author_id, sort_index) values (63, 29, 1);
insert into book2author (book_id, author_id, sort_index) values (63, 26, 2);
insert into book2author (book_id, author_id, sort_index) values (63, 18, 3);
insert into book2author (book_id, author_id, sort_index) values (64, 16, 1);
insert into book2author (book_id, author_id, sort_index) values (64, 26, 2);
insert into book2author (book_id, author_id, sort_index) values (65, 10, 1);
insert into book2author (book_id, author_id, sort_index) values (65, 17, 2);
insert into book2author (book_id, author_id, sort_index) values (65, 22, 3);
insert into book2author (book_id, author_id, sort_index) values (66, 13, 1);
insert into book2author (book_id, author_id, sort_index) values (66, 3, 2);
insert into book2author (book_id, author_id, sort_index) values (67, 27, 1);
insert into book2author (book_id, author_id, sort_index) values (67, 22, 2);
insert into book2author (book_id, author_id, sort_index) values (67, 17, 3);
insert into book2author (book_id, author_id, sort_index) values (68, 27, 1);
insert into book2author (book_id, author_id, sort_index) values (68, 9, 2);
insert into book2author (book_id, author_id, sort_index) values (69, 26, 1);
insert into book2author (book_id, author_id, sort_index) values (69, 6, 2);
insert into book2author (book_id, author_id, sort_index) values (69, 2, 3);
insert into book2author (book_id, author_id, sort_index) values (70, 28, 1);
insert into book2author (book_id, author_id, sort_index) values (70, 20, 2);
insert into book2author (book_id, author_id, sort_index) values (71, 7, 1);
insert into book2author (book_id, author_id, sort_index) values (71, 1, 2);
insert into book2author (book_id, author_id, sort_index) values (71, 10, 3);
insert into book2author (book_id, author_id, sort_index) values (72, 23, 1);
insert into book2author (book_id, author_id, sort_index) values (72, 1, 2);
insert into book2author (book_id, author_id, sort_index) values (73, 7, 1);
insert into book2author (book_id, author_id, sort_index) values (73, 27, 2);
insert into book2author (book_id, author_id, sort_index) values (73, 20, 3);
insert into book2author (book_id, author_id, sort_index) values (74, 1, 1);
insert into book2author (book_id, author_id, sort_index) values (74, 11, 2);
insert into book2author (book_id, author_id, sort_index) values (75, 24, 1);
insert into book2author (book_id, author_id, sort_index) values (75, 22, 2);
insert into book2author (book_id, author_id, sort_index) values (75, 5, 3);
insert into book2author (book_id, author_id, sort_index) values (76, 26, 1);
insert into book2author (book_id, author_id, sort_index) values (76, 21, 2);
insert into book2author (book_id, author_id, sort_index) values (77, 12, 1);
insert into book2author (book_id, author_id, sort_index) values (77, 31, 2);
insert into book2author (book_id, author_id, sort_index) values (77, 17, 3);
insert into book2author (book_id, author_id, sort_index) values (78, 27, 1);
insert into book2author (book_id, author_id, sort_index) values (78, 32, 2);
insert into book2author (book_id, author_id, sort_index) values (79, 22, 1);
insert into book2author (book_id, author_id, sort_index) values (79, 32, 2);
insert into book2author (book_id, author_id, sort_index) values (79, 14, 3);
insert into book2author (book_id, author_id, sort_index) values (80, 1, 1);
insert into book2author (book_id, author_id, sort_index) values (80, 1, 2);
insert into book2author (book_id, author_id, sort_index) values (81, 26, 1);
insert into book2author (book_id, author_id, sort_index) values (81, 23, 2);
insert into book2author (book_id, author_id, sort_index) values (81, 23, 3);
insert into book2author (book_id, author_id, sort_index) values (82, 12, 1);
insert into book2author (book_id, author_id, sort_index) values (82, 26, 2);
insert into book2author (book_id, author_id, sort_index) values (83, 5, 1);
insert into book2author (book_id, author_id, sort_index) values (83, 12, 2);
insert into book2author (book_id, author_id, sort_index) values (83, 13, 3);
insert into book2author (book_id, author_id, sort_index) values (84, 1, 1);
insert into book2author (book_id, author_id, sort_index) values (84, 25, 2);
insert into book2author (book_id, author_id, sort_index) values (85, 10, 1);
insert into book2author (book_id, author_id, sort_index) values (85, 18, 2);
insert into book2author (book_id, author_id, sort_index) values (85, 4, 3);
insert into book2author (book_id, author_id, sort_index) values (86, 29, 1);
insert into book2author (book_id, author_id, sort_index) values (86, 3, 2);
insert into book2author (book_id, author_id, sort_index) values (87, 23, 1);
insert into book2author (book_id, author_id, sort_index) values (87, 17, 2);
insert into book2author (book_id, author_id, sort_index) values (87, 18, 3);
insert into book2author (book_id, author_id, sort_index) values (88, 16, 1);
insert into book2author (book_id, author_id, sort_index) values (88, 17, 2);
insert into book2author (book_id, author_id, sort_index) values (89, 21, 1);
insert into book2author (book_id, author_id, sort_index) values (89, 9, 2);
insert into book2author (book_id, author_id, sort_index) values (89, 24, 3);
insert into book2author (book_id, author_id, sort_index) values (90, 11, 1);
insert into book2author (book_id, author_id, sort_index) values (90, 20, 2);
insert into book2author (book_id, author_id, sort_index) values (91, 12, 1);
insert into book2author (book_id, author_id, sort_index) values (91, 16, 2);
insert into book2author (book_id, author_id, sort_index) values (91, 31, 3);
insert into book2author (book_id, author_id, sort_index) values (92, 4, 1);
insert into book2author (book_id, author_id, sort_index) values (92, 25, 2);
insert into book2author (book_id, author_id, sort_index) values (93, 1, 1);
insert into book2author (book_id, author_id, sort_index) values (93, 7, 2);
insert into book2author (book_id, author_id, sort_index) values (93, 23, 3);
insert into book2author (book_id, author_id, sort_index) values (94, 2, 1);
insert into book2author (book_id, author_id, sort_index) values (94, 32, 2);
insert into book2author (book_id, author_id, sort_index) values (95, 2, 1);
insert into book2author (book_id, author_id, sort_index) values (95, 18, 2);
insert into book2author (book_id, author_id, sort_index) values (95, 28, 3);
insert into book2author (book_id, author_id, sort_index) values (96, 15, 1);
insert into book2author (book_id, author_id, sort_index) values (96, 25, 2);
insert into book2author (book_id, author_id, sort_index) values (97, 30, 1);
insert into book2author (book_id, author_id, sort_index) values (97, 31, 2);
insert into book2author (book_id, author_id, sort_index) values (97, 18, 3);
insert into book2author (book_id, author_id, sort_index) values (98, 1, 0);
insert into book2author (book_id, author_id, sort_index) values (99, 19, 0);
insert into book2author (book_id, author_id, sort_index) values (100, 5, 0);
-- book2author CONTENT - FINISH

-- book_review CONTENT - START
insert into book_review (book_id, user_id, time_, text_) values (1, 1, '2021-05-17 12:30:29', 'one review !!!'  );
insert into book_review (book_id, user_id, time_, text_) values (2, 2, '2022-06-18 22:33:33', 'two review !!!'  );
-- book_review CONTENT - FINISH

-- book_review_like CONTENT - START
insert into book_review_like (review_id, user_id, time_, value_) values ( 1, 2, '2021-07-19 02:35:35', 1 );
insert into book_review_like (review_id, user_id, time_, value_) values ( 2, 1, '2022-08-30 05:41:41', -1 );
-- book_review_like CONTENT - FINISH

-- genre CONTENT - START
insert into genre (parent_id, slug, name) VALUES ( NULL,  'zontrax', 'Zontrax');
insert into genre (parent_id, slug, name) VALUES ( NULL,  'wrapsafe', 'Wrapsafe');
insert into genre (parent_id, slug, name) VALUES ( NULL,  'zaam-dox', 'Zaam-dox');
insert into genre (parent_id, slug, name) VALUES ( NULL,  'alpha', 'Alpha');
insert into genre (parent_id, slug, name) VALUES ( NULL,  'y-find', 'Y-find');
insert into genre (parent_id, slug, name) VALUES ( NULL,  'flowdesc', 'Flowdesc');
insert into genre (parent_id, slug, name) VALUES ( NULL,  'blowdesc', 'Blowdesc');
insert into genre (parent_id, slug, name) VALUES ( NULL,  'lotlux', 'Lotlux');
insert into genre (parent_id, slug, name) VALUES ( NULL,  'regrant', 'Regrant');
insert into genre (parent_id, slug, name) VALUES ( NULL,  'veribet', 'Veribet');
insert into genre (parent_id, slug, name) VALUES ( 1,  'myrmetridactyla', 'Myrmecophaga tridactyla');
insert into genre (parent_id, slug, name) VALUES ( 1,  'senegalensis', 'Streptopelia senegalensis');
insert into genre (parent_id, slug, name) VALUES ( 1,  'ursinus', 'Vombatus ursinus');
insert into genre (parent_id, slug, name) VALUES ( 1,  'graspus', 'Graspus graspus');
insert into genre (parent_id, slug, name) VALUES ( 1,  'cristata', 'Hystrix cristata');
insert into genre (parent_id, slug, name) VALUES ( 1,  'novaehollandiae', 'Cereopsis novaehollandiae');
insert into genre (parent_id, slug, name) VALUES ( 1,  'mephitis', 'Mephitis mephitis');
insert into genre (parent_id, slug, name) VALUES ( 1,  'hoffmani', 'Choloepus hoffmani');
insert into genre (parent_id, slug, name) VALUES ( 1,  'unavailable', 'Unavailable');
insert into genre (parent_id, slug, name) VALUES ( 1,  'tristis', 'Acridotheres tristis');

insert into genre (parent_id, slug, name) VALUES ( 2,  'eugenii', 'Macropus eugenii');
insert into genre (parent_id, slug, name) VALUES ( 2,  'moschatus', 'Ovibos moschatus');
insert into genre (parent_id, slug, name) VALUES ( 2,  'murinus', 'Microcebus murinus');
insert into genre (parent_id, slug, name) VALUES ( 2,  'serval', 'Felis serval');
insert into genre (parent_id, slug, name) VALUES ( 2,  'cristatus', 'Proteles cristatus');
insert into genre (parent_id, slug, name) VALUES ( 2,  'paena', 'Certotrichas paena');
insert into genre (parent_id, slug, name) VALUES ( 2,  'curvirostre', 'Toxostoma curvirostre');
insert into genre (parent_id, slug, name) VALUES ( 2,  'fulvus', 'Lemur fulvus');
insert into genre (parent_id, slug, name) VALUES ( 2,  'elegans', 'Geochelone elegans');
insert into genre (parent_id, slug, name) VALUES ( 2,  'gularis', 'Paroaria gularis');

insert into genre (parent_id, slug, name) VALUES ( 3,  'indica', 'Ratufa indica');
insert into genre (parent_id, slug, name) VALUES ( 3,  'maculatus', 'Dasyurus maculatus');
insert into genre (parent_id, slug, name) VALUES ( 3,  'glareola', 'Tringa glareola');
insert into genre (parent_id, slug, name) VALUES ( 3,  'hermaphroditus', 'Paradoxurus hermaphroditus');
insert into genre (parent_id, slug, name) VALUES ( 3,  'thula', 'Egretta thula');
insert into genre (parent_id, slug, name) VALUES ( 3,  'cristata', 'Fulica cristata');
insert into genre (parent_id, slug, name) VALUES ( 3,  'vulpecula', 'Trichosurus vulpecula');
insert into genre (parent_id, slug, name) VALUES ( 3,  'robertsi', 'Kobus leche robertsi');
insert into genre (parent_id, slug, name) VALUES ( 3,  'glauca', 'Prionace glauca');
insert into genre (parent_id, slug, name) VALUES ( 3,  'giganteus', 'Cordylus giganteus');

insert into genre (parent_id, slug, name) VALUES ( 4,  'frontalis', 'Bos frontalis');
insert into genre (parent_id, slug, name) VALUES ( 4,  'antigone', 'Grus antigone');
insert into genre (parent_id, slug, name) VALUES ( 4,  'enviroment', 'Enviroment');
insert into genre (parent_id, slug, name) VALUES ( 4,  'eunectes', 'Eunectes sp.');
insert into genre (parent_id, slug, name) VALUES ( 4,  'tuberculifer', 'Myiarchus tuberculifer');
insert into genre (parent_id, slug, name) VALUES ( 4,  'americanus', 'Ursus americanus');
insert into genre (parent_id, slug, name) VALUES ( 4,  'concinnus', 'Cercatetus concinnus');
insert into genre (parent_id, slug, name) VALUES ( 4,  'popachka', 'Popa Zopa');
insert into genre (parent_id, slug, name) VALUES ( 4,  'orientalis', 'Ovis orientalis');
insert into genre (parent_id, slug, name) VALUES ( 4,  'mesomelas', 'Canis mesomelas');

insert into genre (parent_id, slug, name) VALUES ( 5,  'peregrinus', 'Falco peregrinus');
insert into genre (parent_id, slug, name) VALUES ( 5,  'anatinus', 'Ornithorhynchus anatinus');
insert into genre (parent_id, slug, name) VALUES ( 5,  'robustus', 'Macropus robustus');
insert into genre (parent_id, slug, name) VALUES ( 5,  'australis', 'Eubalaena australis');
insert into genre (parent_id, slug, name) VALUES ( 5,  'fulicarius', 'Phalaropus fulicarius');
insert into genre (parent_id, slug, name) VALUES ( 5,  'elegans', 'Geochelone elegans');
insert into genre (parent_id, slug, name) VALUES ( 5,  'hemionus', 'Odocoileus hemionus');
insert into genre (parent_id, slug, name) VALUES ( 5,  'carolina', 'Terrapene carolina');
insert into genre (parent_id, slug, name) VALUES ( 5,  'urophasianus', 'Centrocercus urophasianus');
insert into genre (parent_id, slug, name) VALUES ( 5,  'gambelii', 'Callipepla gambelii');

insert into genre (parent_id, slug, name) VALUES ( 6,  'entellus', 'Semnopithecus entellus');
insert into genre (parent_id, slug, name) VALUES ( 6,  'intermedius', 'Ploceus intermedius');
insert into genre (parent_id, slug, name) VALUES ( 6,  'africanus', 'Actophilornis africanus');
insert into genre (parent_id, slug, name) VALUES ( 6,  'mycteria', 'Ephippiorhynchus mycteria');
insert into genre (parent_id, slug, name) VALUES ( 6,  'rufus', 'Pteropus rufus');
insert into genre (parent_id, slug, name) VALUES ( 6,  'senegalensis', 'Ephipplorhynchus senegalensis');
insert into genre (parent_id, slug, name) VALUES ( 6,  'tristis', 'Acridotheres tristis');
insert into genre (parent_id, slug, name) VALUES ( 6,  'nigricans', 'Pycnonotus nigricans');
insert into genre (parent_id, slug, name) VALUES ( 6,  'albicollis', 'Corvus albicollis');
insert into genre (parent_id, slug, name) VALUES ( 6,  'vulpecula', 'Trichosurus vulpecula');

insert into genre (parent_id, slug, name) VALUES ( 7,  'novaehollandiae', 'Larus novaehollandiae');
insert into genre (parent_id, slug, name) VALUES ( 7,  'cinereus', 'Phascolarctos cinereus');
insert into genre (parent_id, slug, name) VALUES ( 7,  'oryx', 'Oryx gazella callotis');
insert into genre (parent_id, slug, name) VALUES ( 7,  'pipetca', 'Pipetca');
insert into genre (parent_id, slug, name) VALUES ( 7,  'leucocephala', 'Mycteria leucocephala');
insert into genre (parent_id, slug, name) VALUES ( 7,  'concolor', 'Lorythaixoides concolor');
insert into genre (parent_id, slug, name) VALUES ( 7,  'longicollis', 'Chelodina longicollis');
insert into genre (parent_id, slug, name) VALUES ( 7,  'lateralis', 'Spermophilus lateralis');
insert into genre (parent_id, slug, name) VALUES ( 7,  'vanaticus', 'Speothos vanaticus');
insert into genre (parent_id, slug, name) VALUES ( 7,  'cokii', 'Alcelaphus buselaphus cokii');

insert into genre (parent_id, slug, name) VALUES ( 8,  'arnee', 'Bubalus arnee');
insert into genre (parent_id, slug, name) VALUES ( 8,  'armatus', 'Anitibyx armatus');
insert into genre (parent_id, slug, name) VALUES ( 8,  'gelada', 'Theropithecus gelada');
insert into genre (parent_id, slug, name) VALUES ( 8,  'nigricans', 'Pycnonotus nigricans');
insert into genre (parent_id, slug, name) VALUES ( 8,  'graspus', 'Graspus graspus');
insert into genre (parent_id, slug, name) VALUES ( 8,  'javanicus', 'Herpestes javanicus');
insert into genre (parent_id, slug, name) VALUES ( 8,  'albifrons', 'Cebus albifrons');
insert into genre (parent_id, slug, name) VALUES ( 8,  'flavescens', 'Otaria flavescens');
insert into genre (parent_id, slug, name) VALUES ( 8,  'ferrugineus', 'Laniarius ferrugineus');
insert into genre (parent_id, slug, name) VALUES ( 8,  'tucanus', 'Ramphastos tucanus');

insert into genre (parent_id, slug, name) VALUES ( 9,  'leadbeateri', 'Bucorvus leadbeateri');
insert into genre (parent_id, slug, name) VALUES ( 9,  'robustus', 'Macropus robustus');
insert into genre (parent_id, slug, name) VALUES ( 9,  'truncatus', 'Tursiops truncatus');
insert into genre (parent_id, slug, name) VALUES ( 9,  'novemcinctus', 'Dasypus novemcinctus');
insert into genre (parent_id, slug, name) VALUES ( 9,  'delphis', 'Delphinus delphis');
insert into genre (parent_id, slug, name) VALUES ( 9,  'flaviventris', 'Marmota flaviventris');
insert into genre (parent_id, slug, name) VALUES ( 9,  'tristis', 'Acridotheres tristis');
insert into genre (parent_id, slug, name) VALUES ( 9,  'constrictor', 'Coluber constrictor');
insert into genre (parent_id, slug, name) VALUES ( 9,  'cochlearius', 'Cochlearius cochlearius');
insert into genre (parent_id, slug, name) VALUES ( 9,  'tenuirostris', 'Cacatua tenuirostris');

insert into genre (parent_id, slug, name) VALUES ( 10,  'strigoides', 'Podargus strigoides');
insert into genre (parent_id, slug, name) VALUES ( 10,  'cerastes', 'Crotalus cerastes');
insert into genre (parent_id, slug, name) VALUES ( 10,  'lybica', 'Felis silvestris lybica');
insert into genre (parent_id, slug, name) VALUES ( 10,  'aureus', 'Canis aureus');
insert into genre (parent_id, slug, name) VALUES ( 10,  'nubicus', 'Merops nubicus');
insert into genre (parent_id, slug, name) VALUES ( 10,  'robertsi', 'Kobus leche robertsi');
insert into genre (parent_id, slug, name) VALUES ( 10,  'rufogriseus', 'Macropus rufogriseus');
insert into genre (parent_id, slug, name) VALUES ( 10,  'virescens', 'Pseudoleistes virescens');
insert into genre (parent_id, slug, name) VALUES ( 10,  'leucoscepus', 'Francolinus leucoscepus');
insert into genre (parent_id, slug, name) VALUES ( 10,  'palumbus', 'Columba palumbus');


insert into book2genre (id, book_id, genre_id) values (1, 6, 10);
insert into book2genre (id, book_id, genre_id) values (2, 22, 7);
insert into book2genre (id, book_id, genre_id) values (3, 92, 1);
insert into book2genre (id, book_id, genre_id) values (4, 38, 7);
insert into book2genre (id, book_id, genre_id) values (5, 59, 10);
insert into book2genre (id, book_id, genre_id) values (6, 25, 6);
insert into book2genre (id, book_id, genre_id) values (7, 77, 4);
insert into book2genre (id, book_id, genre_id) values (8, 56, 1);
insert into book2genre (id, book_id, genre_id) values (9, 60, 3);
insert into book2genre (id, book_id, genre_id) values (10, 72, 8);
insert into book2genre (id, book_id, genre_id) values (11, 89, 1);
insert into book2genre (id, book_id, genre_id) values (12, 35, 4);
insert into book2genre (id, book_id, genre_id) values (13, 34, 9);
insert into book2genre (id, book_id, genre_id) values (14, 51, 9);
insert into book2genre (id, book_id, genre_id) values (15, 60, 1);
insert into book2genre (id, book_id, genre_id) values (16, 48, 10);
insert into book2genre (id, book_id, genre_id) values (17, 25, 1);
insert into book2genre (id, book_id, genre_id) values (18, 48, 4);
insert into book2genre (id, book_id, genre_id) values (19, 61, 5);
insert into book2genre (id, book_id, genre_id) values (20, 100, 10);
insert into book2genre (id, book_id, genre_id) values (21, 65, 10);
insert into book2genre (id, book_id, genre_id) values (22, 59, 5);
insert into book2genre (id, book_id, genre_id) values (23, 20, 3);
insert into book2genre (id, book_id, genre_id) values (24, 64, 6);
insert into book2genre (id, book_id, genre_id) values (25, 74, 6);
insert into book2genre (id, book_id, genre_id) values (26, 58, 8);
insert into book2genre (id, book_id, genre_id) values (27, 69, 7);
insert into book2genre (id, book_id, genre_id) values (28, 45, 6);
insert into book2genre (id, book_id, genre_id) values (29, 6, 9);
insert into book2genre (id, book_id, genre_id) values (30, 57, 6);
insert into book2genre (id, book_id, genre_id) values (31, 41, 4);
insert into book2genre (id, book_id, genre_id) values (32, 85, 1);
insert into book2genre (id, book_id, genre_id) values (33, 15, 9);
insert into book2genre (id, book_id, genre_id) values (34, 14, 2);
insert into book2genre (id, book_id, genre_id) values (35, 32, 7);
insert into book2genre (id, book_id, genre_id) values (36, 4, 9);
insert into book2genre (id, book_id, genre_id) values (37, 99, 4);
insert into book2genre (id, book_id, genre_id) values (38, 1, 5);
insert into book2genre (id, book_id, genre_id) values (39, 21, 8);
insert into book2genre (id, book_id, genre_id) values (40, 34, 6);
insert into book2genre (id, book_id, genre_id) values (41, 4, 7);
insert into book2genre (id, book_id, genre_id) values (42, 8, 9);
insert into book2genre (id, book_id, genre_id) values (43, 70, 5);
insert into book2genre (id, book_id, genre_id) values (44, 46, 8);
insert into book2genre (id, book_id, genre_id) values (45, 46, 6);
insert into book2genre (id, book_id, genre_id) values (46, 60, 7);
insert into book2genre (id, book_id, genre_id) values (47, 73, 1);
insert into book2genre (id, book_id, genre_id) values (48, 65, 2);
insert into book2genre (id, book_id, genre_id) values (49, 91, 2);
insert into book2genre (id, book_id, genre_id) values (50, 78, 9);
insert into book2genre (id, book_id, genre_id) values (51, 59, 9);
insert into book2genre (id, book_id, genre_id) values (52, 8, 7);
insert into book2genre (id, book_id, genre_id) values (53, 15, 10);
insert into book2genre (id, book_id, genre_id) values (54, 7, 2);
insert into book2genre (id, book_id, genre_id) values (55, 87, 6);
insert into book2genre (id, book_id, genre_id) values (56, 75, 5);
insert into book2genre (id, book_id, genre_id) values (57, 90, 9);
insert into book2genre (id, book_id, genre_id) values (58, 39, 10);
insert into book2genre (id, book_id, genre_id) values (59, 10, 10);
insert into book2genre (id, book_id, genre_id) values (60, 29, 9);
insert into book2genre (id, book_id, genre_id) values (61, 96, 6);
insert into book2genre (id, book_id, genre_id) values (62, 15, 3);
insert into book2genre (id, book_id, genre_id) values (63, 34, 2);
insert into book2genre (id, book_id, genre_id) values (64, 80, 1);
insert into book2genre (id, book_id, genre_id) values (65, 60, 9);
insert into book2genre (id, book_id, genre_id) values (66, 84, 9);
insert into book2genre (id, book_id, genre_id) values (67, 30, 5);
insert into book2genre (id, book_id, genre_id) values (68, 27, 6);
insert into book2genre (id, book_id, genre_id) values (69, 64, 7);
insert into book2genre (id, book_id, genre_id) values (70, 12, 5);
insert into book2genre (id, book_id, genre_id) values (71, 50, 8);
insert into book2genre (id, book_id, genre_id) values (72, 77, 7);
insert into book2genre (id, book_id, genre_id) values (73, 7, 6);
insert into book2genre (id, book_id, genre_id) values (74, 97, 10);
insert into book2genre (id, book_id, genre_id) values (75, 58, 6);
insert into book2genre (id, book_id, genre_id) values (76, 44, 5);
insert into book2genre (id, book_id, genre_id) values (77, 44, 8);
insert into book2genre (id, book_id, genre_id) values (78, 49, 4);
insert into book2genre (id, book_id, genre_id) values (79, 69, 2);
insert into book2genre (id, book_id, genre_id) values (80, 56, 5);
insert into book2genre (id, book_id, genre_id) values (81, 15, 9);
insert into book2genre (id, book_id, genre_id) values (82, 44, 4);
insert into book2genre (id, book_id, genre_id) values (83, 84, 2);
insert into book2genre (id, book_id, genre_id) values (84, 93, 5);
insert into book2genre (id, book_id, genre_id) values (85, 89, 4);
insert into book2genre (id, book_id, genre_id) values (86, 6, 8);
insert into book2genre (id, book_id, genre_id) values (87, 19, 9);
insert into book2genre (id, book_id, genre_id) values (88, 96, 4);
insert into book2genre (id, book_id, genre_id) values (89, 95, 6);
insert into book2genre (id, book_id, genre_id) values (90, 24, 8);
insert into book2genre (id, book_id, genre_id) values (91, 81, 6);
insert into book2genre (id, book_id, genre_id) values (92, 24, 1);
insert into book2genre (id, book_id, genre_id) values (93, 22, 2);
insert into book2genre (id, book_id, genre_id) values (94, 97, 8);
insert into book2genre (id, book_id, genre_id) values (95, 100, 4);
insert into book2genre (id, book_id, genre_id) values (96, 84, 7);
insert into book2genre (id, book_id, genre_id) values (97, 17, 1);
insert into book2genre (id, book_id, genre_id) values (98, 53, 6);
insert into book2genre (id, book_id, genre_id) values (99, 1, 2);
insert into book2genre (id, book_id, genre_id) values (100, 8, 5);

insert into users (id, hash_, reg_time, balance, name) values (1, '3680658753', '2022-11-16', 1140, 'mjakaway0');
insert into users (id, hash_, reg_time, balance, name) values (2, '1559551585', '2022-06-24', 7796, 'esmieton1');
insert into users (id, hash_, reg_time, balance, name) values (3, '7750800948', '2022-11-21', 626, 'iionesco2');
insert into users (id, hash_, reg_time, balance, name) values (4, '1222793113', '2022-06-03', 6926, 'abossom3');
insert into users (id, hash_, reg_time, balance, name) values (5, '4096134740', '2022-11-03', 970, 'rashbolt4');
insert into users (id, hash_, reg_time, balance, name) values (6, '0494075813', '2022-11-16', 9469, 'bdwyer5');
insert into users (id, hash_, reg_time, balance, name) values (7, '8454765921', '2022-03-31', 6019, 'hcirlos6');
insert into users (id, hash_, reg_time, balance, name) values (8, '7464932129', '2022-03-19', 6151, 'estill7');
insert into users (id, hash_, reg_time, balance, name) values (9, '2192547684', '2022-02-19', 1330, 'wchasier8');
insert into users (id, hash_, reg_time, balance, name) values (10, '2403150002', '2022-06-27', 930, 'gwatkiss9');
insert into users (id, hash_, reg_time, balance, name) values (11, '5465363851', '2022-03-26', 5840, 'amathersa');
insert into users (id, hash_, reg_time, balance, name) values (12, '6266177927', '2022-07-20', 7201, 'bbellisonb');
insert into users (id, hash_, reg_time, balance, name) values (13, '6621875304', '2022-07-26', 4781, 'sskentelburyc');
insert into users (id, hash_, reg_time, balance, name) values (14, '6022414881', '2022-01-18', 1600, 'jmankord');
insert into users (id, hash_, reg_time, balance, name) values (15, '3308504723', '2022-06-01', 90, 'ttomlinse');
insert into users (id, hash_, reg_time, balance, name) values (16, '7433194843', '2022-01-15', 3427, 'esaxonf');
insert into users (id, hash_, reg_time, balance, name) values (17, '0315156171', '2022-04-29', 3623, 'kcalang');
insert into users (id, hash_, reg_time, balance, name) values (18, '9205123269', '2022-07-26', 3525, 'lwoodroofeh');
insert into users (id, hash_, reg_time, balance, name) values (19, '6994304213', '2022-03-15', 8618, 'kendoni');
insert into users (id, hash_, reg_time, balance, name) values (20, '8474407788', '2022-09-30', 1004, 'kmercyj');

insert into user_contact (id, user_id, type_, approved, code, code_trials, code_time, contact) values (1, 20, 'PHONE', 1, 9951, 3, '2018-05-09 00:00:00', '89195285742');
insert into user_contact (id, user_id, type_, approved, code, code_trials, code_time, contact) values (2, 19, 'EMAIL', 0, 7637, 3, '2018-06-26 11:11:11', 'ainderwick1@friendfeed.com');
insert into user_contact (id, user_id, type_, approved, code, code_trials, code_time, contact) values (3, 18, 'PHONE', 0, 9959, 3, '2018-07-28 12:12:12', '89195285743');
insert into user_contact (id, user_id, type_, approved, code, code_trials, code_time, contact) values (4, 17, 'EMAIL', 1, 5524, 3, '2018-07-06 13:13:13', 'tbarby3@w3.org');
insert into user_contact (id, user_id, type_, approved, code, code_trials, code_time, contact) values (5, 16, 'PHONE', 1, 9233, 3, '2018-11-06 14:14:14', '89195285744');
insert into user_contact (id, user_id, type_, approved, code, code_trials, code_time, contact) values (6, 15, 'EMAIL', 1, 1576, 3, '2018-08-15 15:15:15', 'ematschke5@ehow.com');
insert into user_contact (id, user_id, type_, approved, code, code_trials, code_time, contact) values (7, 14, 'PHONE', 0, 5433, 3, '2018-10-26 16:16:16', '89195285745');
insert into user_contact (id, user_id, type_, approved, code, code_trials, code_time, contact) values (8, 13, 'EMAIL', 0, 7422, 3, '2018-06-04 17:17:17', 'vmicah7@over-blog.com');
insert into user_contact (id, user_id, type_, approved, code, code_trials, code_time, contact) values (9, 12, 'PHONE', 1, 3894, 3, '2018-02-07 18:18:18', '89195285746');
insert into user_contact (id, user_id, type_, approved, code, code_trials, code_time, contact) values (10, 11, 'EMAIL', 0, 9947, 3, '2018-04-20 19:19:19', 'dsmaling9@bizjournals.com');
insert into user_contact (id, user_id, type_, approved, code, code_trials, code_time, contact) values (11, 10, 'PHONE', 0, 4467, 3, '2018-12-26 20:20:20', '89195285747');
insert into user_contact (id, user_id, type_, approved, code, code_trials, code_time, contact) values (12, 9, 'EMAIL', 1, 6447, 3, '2018-08-02 21:21:21', 'mdeweyb@jalbum.net');
insert into user_contact (id, user_id, type_, approved, code, code_trials, code_time, contact) values (13, 8, 'PHONE', 0, 2429, 3, '2018-12-02 22:22:22', '89195285748');
insert into user_contact (id, user_id, type_, approved, code, code_trials, code_time, contact) values (14, 7, 'EMAIL', 1, 3862, 3, '2018-09-18 23:23:23', 'rkindreadd@de.vu');
insert into user_contact (id, user_id, type_, approved, code, code_trials, code_time, contact) values (15, 6, 'PHONE', 0, 2382, 3, '2018-05-16 14:24:24', '89195285749');
insert into user_contact (id, user_id, type_, approved, code, code_trials, code_time, contact) values (16, 5, 'EMAIL', 0, 7995, 3, '2018-08-01 15:25:25', 'nbrynsf@yandex.ru');
insert into user_contact (id, user_id, type_, approved, code, code_trials, code_time, contact) values (17, 4, 'PHONE', 1, 6149, 3, '2018-08-17 16:26:26', '89195285750');
insert into user_contact (id, user_id, type_, approved, code, code_trials, code_time, contact) values (18, 3, 'EMAIL', 0, 2460, 3, '2018-03-14 17:27:27', 'clinceyh@patch.com');
insert into user_contact (id, user_id, type_, approved, code, code_trials, code_time, contact) values (19, 2, 'PHONE', 1, 4980, 3, '2018-04-10 18:28:28', '89195285760');
insert into user_contact (id, user_id, type_, approved, code, code_trials, code_time, contact) values (20, 1, 'EMAIL', 0, 4955, 3, '2018-11-12 19:29:29', 'zcawtheraj@issuu.com');


insert into book2user (id, type_id, book_id, user_id, time_) values (1, 1, 25, 15, '2009-03-15 19:28:28');
insert into book2user (id, type_id, book_id, user_id, time_) values (2, 2, 37, 15, '2008-11-19 09:47:27');
insert into book2user (id, type_id, book_id, user_id, time_) values (3, 4, 16, 7, '2008-03-20 12:43:03');
insert into book2user (id, type_id, book_id, user_id, time_) values (4, 4, 99, 15, '2008-05-13 16:57:04');
insert into book2user (id, type_id, book_id, user_id, time_) values (5, 2, 39, 9, '2009-11-19 21:29:58');
insert into book2user (id, type_id, book_id, user_id, time_) values (6, 1, 12, 18, '2009-03-26 08:15:13');
insert into book2user (id, type_id, book_id, user_id, time_) values (7, 2, 2, 16, '2008-04-10 04:13:09');
insert into book2user (id, type_id, book_id, user_id, time_) values (8, 3, 83, 3, '2009-11-09 18:04:23');
insert into book2user (id, type_id, book_id, user_id, time_) values (9, 1, 40, 3, '2008-02-04 02:52:24');
insert into book2user (id, type_id, book_id, user_id, time_) values (10, 3, 84, 20, '2008-10-13 18:48:57');
insert into book2user (id, type_id, book_id, user_id, time_) values (11, 4, 73, 11, '2008-04-06 02:42:27');
insert into book2user (id, type_id, book_id, user_id, time_) values (12, 1, 67, 6, '2009-04-16 17:29:46');
insert into book2user (id, type_id, book_id, user_id, time_) values (13, 2, 30, 8, '2008-11-22 12:34:49');
insert into book2user (id, type_id, book_id, user_id, time_) values (14, 2, 89, 6, '2009-07-11 23:36:24');
insert into book2user (id, type_id, book_id, user_id, time_) values (15, 2, 31, 5, '2009-11-07 06:17:39');
insert into book2user (id, type_id, book_id, user_id, time_) values (16, 3, 97, 5, '2008-01-09 08:01:48');
insert into book2user (id, type_id, book_id, user_id, time_) values (17, 2, 98, 2, '2008-02-20 18:28:46');
insert into book2user (id, type_id, book_id, user_id, time_) values (18, 2, 69, 7, '2008-03-26 10:31:44');
insert into book2user (id, type_id, book_id, user_id, time_) values (19, 2, 70, 15, '2009-09-05 23:45:53');
insert into book2user (id, type_id, book_id, user_id, time_) values (20, 2, 90, 19, '2008-02-10 23:20:08');
insert into book2user (id, type_id, book_id, user_id, time_) values (21, 3, 49, 6, '2008-06-21 14:02:42');
insert into book2user (id, type_id, book_id, user_id, time_) values (22, 1, 100, 1, '2009-10-08 11:29:28');
insert into book2user (id, type_id, book_id, user_id, time_) values (23, 4, 87, 5, '2009-08-21 23:35:06');
insert into book2user (id, type_id, book_id, user_id, time_) values (24, 2, 49, 7, '2009-08-12 03:55:31');
insert into book2user (id, type_id, book_id, user_id, time_) values (25, 2, 91, 11, '2009-05-27 01:18:11');
insert into book2user (id, type_id, book_id, user_id, time_) values (26, 1, 88, 4, '2008-10-10 10:50:02');
insert into book2user (id, type_id, book_id, user_id, time_) values (27, 3, 97, 9, '2009-03-24 02:31:19');
insert into book2user (id, type_id, book_id, user_id, time_) values (28, 4, 98, 11, '2009-02-09 20:47:25');
insert into book2user (id, type_id, book_id, user_id, time_) values (29, 1, 77, 11, '2009-11-04 10:47:56');
insert into book2user (id, type_id, book_id, user_id, time_) values (30, 4, 12, 12, '2008-09-04 10:30:28');
insert into book2user (id, type_id, book_id, user_id, time_) values (31, 1, 88, 4, '2008-01-27 23:57:25');
insert into book2user (id, type_id, book_id, user_id, time_) values (32, 4, 19, 9, '2008-12-23 15:08:25');
insert into book2user (id, type_id, book_id, user_id, time_) values (33, 2, 96, 2, '2008-02-23 06:42:39');
insert into book2user (id, type_id, book_id, user_id, time_) values (34, 2, 71, 8, '2009-03-25 16:42:46');
insert into book2user (id, type_id, book_id, user_id, time_) values (35, 2, 30, 3, '2009-04-20 17:36:41');
insert into book2user (id, type_id, book_id, user_id, time_) values (36, 4, 15, 4, '2008-11-12 02:41:46');
insert into book2user (id, type_id, book_id, user_id, time_) values (37, 2, 54, 13, '2009-01-08 19:59:09');
insert into book2user (id, type_id, book_id, user_id, time_) values (38, 1, 54, 19, '2009-01-08 14:33:57');
insert into book2user (id, type_id, book_id, user_id, time_) values (39, 3, 90, 14, '2009-12-04 09:53:12');
insert into book2user (id, type_id, book_id, user_id, time_) values (40, 4, 37, 8, '2009-11-16 02:41:12');
insert into book2user (id, type_id, book_id, user_id, time_) values (41, 1, 38, 18, '2008-04-07 10:04:22');
insert into book2user (id, type_id, book_id, user_id, time_) values (42, 1, 59, 16, '2008-03-13 13:35:56');
insert into book2user (id, type_id, book_id, user_id, time_) values (43, 1, 82, 4, '2009-09-25 23:38:03');
insert into book2user (id, type_id, book_id, user_id, time_) values (44, 1, 29, 1, '2009-03-02 01:23:02');
insert into book2user (id, type_id, book_id, user_id, time_) values (45, 1, 51, 6, '2008-08-16 22:09:24');
insert into book2user (id, type_id, book_id, user_id, time_) values (46, 1, 72, 2, '2009-11-10 05:32:01');
insert into book2user (id, type_id, book_id, user_id, time_) values (47, 1, 43, 1, '2009-09-15 10:17:04');
insert into book2user (id, type_id, book_id, user_id, time_) values (48, 3, 90, 15, '2008-09-13 01:56:01');
insert into book2user (id, type_id, book_id, user_id, time_) values (49, 2, 27, 19, '2008-02-02 07:39:03');
insert into book2user (id, type_id, book_id, user_id, time_) values (50, 2, 92, 19, '2009-12-24 01:54:03');
insert into book2user (id, type_id, book_id, user_id, time_) values (51, 1, 23, 4, '2008-01-21 17:10:07');
insert into book2user (id, type_id, book_id, user_id, time_) values (52, 3, 76, 15, '2008-09-20 23:29:54');
insert into book2user (id, type_id, book_id, user_id, time_) values (53, 1, 81, 5, '2009-04-17 23:47:33');
insert into book2user (id, type_id, book_id, user_id, time_) values (54, 2, 15, 17, '2009-03-01 14:31:42');
insert into book2user (id, type_id, book_id, user_id, time_) values (55, 1, 84, 6, '2009-03-20 18:53:57');
insert into book2user (id, type_id, book_id, user_id, time_) values (56, 4, 83, 20, '2009-11-08 05:44:09');
insert into book2user (id, type_id, book_id, user_id, time_) values (57, 3, 34, 6, '2008-10-25 23:33:06');
insert into book2user (id, type_id, book_id, user_id, time_) values (58, 1, 48, 16, '2009-10-17 09:12:57');
insert into book2user (id, type_id, book_id, user_id, time_) values (59, 4, 86, 2, '2008-03-12 21:31:06');
insert into book2user (id, type_id, book_id, user_id, time_) values (60, 2, 34, 16, '2009-01-26 18:54:56');
insert into book2user (id, type_id, book_id, user_id, time_) values (61, 2, 35, 20, '2008-10-17 12:09:50');
insert into book2user (id, type_id, book_id, user_id, time_) values (62, 3, 82, 12, '2008-02-07 20:08:58');
insert into book2user (id, type_id, book_id, user_id, time_) values (63, 1, 96, 17, '2008-01-05 19:35:29');
insert into book2user (id, type_id, book_id, user_id, time_) values (64, 1, 71, 8, '2008-03-13 16:21:37');
insert into book2user (id, type_id, book_id, user_id, time_) values (65, 1, 56, 10, '2008-04-04 09:08:34');
insert into book2user (id, type_id, book_id, user_id, time_) values (66, 1, 81, 15, '2009-02-23 07:31:50');
insert into book2user (id, type_id, book_id, user_id, time_) values (67, 1, 65, 11, '2008-06-27 18:58:26');
insert into book2user (id, type_id, book_id, user_id, time_) values (68, 2, 52, 18, '2009-05-22 15:17:35');
insert into book2user (id, type_id, book_id, user_id, time_) values (69, 2, 97, 4, '2008-04-22 03:44:59');
insert into book2user (id, type_id, book_id, user_id, time_) values (70, 2, 34, 3, '2008-11-16 04:18:15');
insert into book2user (id, type_id, book_id, user_id, time_) values (71, 1, 72, 19, '2009-03-25 11:52:27');
insert into book2user (id, type_id, book_id, user_id, time_) values (72, 4, 84, 19, '2009-02-02 11:50:59');
insert into book2user (id, type_id, book_id, user_id, time_) values (73, 2, 93, 4, '2009-03-12 07:19:31');
insert into book2user (id, type_id, book_id, user_id, time_) values (74, 2, 64, 19, '2008-09-14 10:44:41');
insert into book2user (id, type_id, book_id, user_id, time_) values (75, 2, 79, 12, '2009-01-25 20:42:20');
insert into book2user (id, type_id, book_id, user_id, time_) values (76, 2, 38, 4, '2009-04-15 20:52:27');
insert into book2user (id, type_id, book_id, user_id, time_) values (77, 3, 88, 5, '2009-11-02 05:46:34');
insert into book2user (id, type_id, book_id, user_id, time_) values (78, 3, 40, 20, '2008-04-24 20:34:46');
insert into book2user (id, type_id, book_id, user_id, time_) values (79, 3, 44, 10, '2008-01-07 06:20:30');
insert into book2user (id, type_id, book_id, user_id, time_) values (80, 3, 12, 16, '2009-07-07 15:45:47');
insert into book2user (id, type_id, book_id, user_id, time_) values (81, 3, 26, 20, '2009-02-16 10:37:14');
insert into book2user (id, type_id, book_id, user_id, time_) values (82, 1, 37, 8, '2009-02-07 08:50:55');
insert into book2user (id, type_id, book_id, user_id, time_) values (83, 2, 68, 20, '2009-12-25 01:20:30');
insert into book2user (id, type_id, book_id, user_id, time_) values (84, 3, 99, 18, '2008-04-06 08:33:03');
insert into book2user (id, type_id, book_id, user_id, time_) values (85, 4, 27, 3, '2008-06-01 07:15:52');
insert into book2user (id, type_id, book_id, user_id, time_) values (86, 3, 13, 6, '2008-09-05 20:31:09');
insert into book2user (id, type_id, book_id, user_id, time_) values (87, 4, 74, 19, '2008-09-12 03:06:28');
insert into book2user (id, type_id, book_id, user_id, time_) values (88, 1, 19, 15, '2009-05-23 16:05:26');
insert into book2user (id, type_id, book_id, user_id, time_) values (89, 3, 92, 12, '2008-07-18 13:44:17');
insert into book2user (id, type_id, book_id, user_id, time_) values (90, 2, 6, 5, '2008-03-18 22:57:01');
insert into book2user (id, type_id, book_id, user_id, time_) values (91, 3, 33, 10, '2009-07-22 12:19:17');
insert into book2user (id, type_id, book_id, user_id, time_) values (92, 4, 16, 1, '2009-07-17 10:32:52');
insert into book2user (id, type_id, book_id, user_id, time_) values (93, 2, 18, 1, '2008-07-01 10:42:14');
insert into book2user (id, type_id, book_id, user_id, time_) values (94, 2, 61, 5, '2009-11-26 02:09:07');
insert into book2user (id, type_id, book_id, user_id, time_) values (95, 1, 21, 8, '2009-03-28 06:09:40');
insert into book2user (id, type_id, book_id, user_id, time_) values (96, 2, 1, 14, '2008-07-02 17:54:42');
insert into book2user (id, type_id, book_id, user_id, time_) values (97, 4, 64, 17, '2009-08-08 11:12:42');
insert into book2user (id, type_id, book_id, user_id, time_) values (98, 3, 46, 6, '2009-04-01 13:59:53');
insert into book2user (id, type_id, book_id, user_id, time_) values (99, 4, 42, 4, '2009-10-11 15:15:15');
insert into book2user (id, type_id, book_id, user_id, time_) values (100, 2, 70, 11, '2009-08-23 13:53:08');
insert into book2user (id, type_id, book_id, user_id, time_) values (101, 2, 91, 9, '2009-03-08 22:17:54');
insert into book2user (id, type_id, book_id, user_id, time_) values (102, 3, 42, 9, '2009-08-26 02:09:27');
insert into book2user (id, type_id, book_id, user_id, time_) values (103, 4, 24, 12, '2008-06-21 02:29:22');
insert into book2user (id, type_id, book_id, user_id, time_) values (104, 3, 23, 4, '2008-07-28 17:34:42');
insert into book2user (id, type_id, book_id, user_id, time_) values (105, 2, 3, 2, '2009-09-06 10:18:31');
insert into book2user (id, type_id, book_id, user_id, time_) values (106, 1, 11, 17, '2009-06-09 03:10:58');
insert into book2user (id, type_id, book_id, user_id, time_) values (107, 3, 54, 14, '2009-09-02 17:46:57');
insert into book2user (id, type_id, book_id, user_id, time_) values (108, 1, 67, 20, '2009-09-08 14:51:20');
insert into book2user (id, type_id, book_id, user_id, time_) values (109, 4, 79, 16, '2008-09-14 04:22:15');
insert into book2user (id, type_id, book_id, user_id, time_) values (110, 3, 27, 12, '2009-11-06 11:25:06');
insert into book2user (id, type_id, book_id, user_id, time_) values (111, 4, 70, 4, '2008-03-17 22:11:10');
insert into book2user (id, type_id, book_id, user_id, time_) values (112, 4, 75, 11, '2009-04-09 17:39:16');
insert into book2user (id, type_id, book_id, user_id, time_) values (113, 1, 37, 19, '2009-11-27 14:22:20');
insert into book2user (id, type_id, book_id, user_id, time_) values (114, 4, 45, 4, '2009-02-16 23:42:43');
insert into book2user (id, type_id, book_id, user_id, time_) values (115, 4, 51, 6, '2009-12-23 16:59:09');
insert into book2user (id, type_id, book_id, user_id, time_) values (116, 1, 37, 8, '2009-11-19 16:41:27');
insert into book2user (id, type_id, book_id, user_id, time_) values (117, 1, 80, 4, '2009-10-04 17:04:01');
insert into book2user (id, type_id, book_id, user_id, time_) values (118, 4, 77, 9, '2008-08-25 07:23:20');
insert into book2user (id, type_id, book_id, user_id, time_) values (119, 1, 31, 3, '2009-05-04 10:51:54');
insert into book2user (id, type_id, book_id, user_id, time_) values (120, 1, 55, 11, '2008-12-20 02:33:05');
insert into book2user (id, type_id, book_id, user_id, time_) values (121, 2, 79, 20, '2009-09-07 05:05:04');
insert into book2user (id, type_id, book_id, user_id, time_) values (122, 4, 50, 9, '2008-01-07 12:21:15');
insert into book2user (id, type_id, book_id, user_id, time_) values (123, 3, 66, 13, '2008-03-04 15:16:57');
insert into book2user (id, type_id, book_id, user_id, time_) values (124, 3, 86, 8, '2008-03-19 07:41:32');
insert into book2user (id, type_id, book_id, user_id, time_) values (125, 1, 50, 16, '2009-01-07 11:19:24');
insert into book2user (id, type_id, book_id, user_id, time_) values (126, 4, 12, 10, '2008-06-16 23:47:48');
insert into book2user (id, type_id, book_id, user_id, time_) values (127, 1, 99, 13, '2009-12-09 01:19:40');
insert into book2user (id, type_id, book_id, user_id, time_) values (128, 4, 57, 9, '2009-04-08 04:19:05');
insert into book2user (id, type_id, book_id, user_id, time_) values (129, 1, 93, 19, '2009-01-28 19:19:32');
insert into book2user (id, type_id, book_id, user_id, time_) values (130, 2, 65, 7, '2008-11-05 12:49:15');
insert into book2user (id, type_id, book_id, user_id, time_) values (131, 1, 54, 11, '2009-12-21 11:45:51');
insert into book2user (id, type_id, book_id, user_id, time_) values (132, 2, 42, 7, '2008-10-01 16:13:52');
insert into book2user (id, type_id, book_id, user_id, time_) values (133, 2, 41, 3, '2008-11-28 04:16:49');
insert into book2user (id, type_id, book_id, user_id, time_) values (134, 2, 18, 11, '2009-09-06 23:12:50');
insert into book2user (id, type_id, book_id, user_id, time_) values (135, 2, 44, 18, '2009-05-13 18:14:32');
insert into book2user (id, type_id, book_id, user_id, time_) values (136, 3, 21, 7, '2009-04-26 08:04:45');
insert into book2user (id, type_id, book_id, user_id, time_) values (137, 4, 64, 13, '2008-10-14 11:54:07');
insert into book2user (id, type_id, book_id, user_id, time_) values (138, 2, 38, 8, '2009-02-19 20:03:32');
insert into book2user (id, type_id, book_id, user_id, time_) values (139, 2, 32, 11, '2009-08-18 06:31:07');
insert into book2user (id, type_id, book_id, user_id, time_) values (140, 4, 11, 3, '2009-12-17 02:07:06');
insert into book2user (id, type_id, book_id, user_id, time_) values (141, 3, 42, 9, '2008-09-22 09:24:11');
insert into book2user (id, type_id, book_id, user_id, time_) values (142, 1, 22, 11, '2009-12-17 16:12:06');
insert into book2user (id, type_id, book_id, user_id, time_) values (143, 1, 73, 3, '2008-09-09 11:53:21');
insert into book2user (id, type_id, book_id, user_id, time_) values (144, 2, 78, 19, '2009-09-01 01:03:24');
insert into book2user (id, type_id, book_id, user_id, time_) values (145, 2, 43, 10, '2009-04-07 03:07:01');
insert into book2user (id, type_id, book_id, user_id, time_) values (146, 2, 17, 1, '2008-01-01 20:53:42');
insert into book2user (id, type_id, book_id, user_id, time_) values (147, 4, 4, 14, '2008-01-12 03:33:09');
insert into book2user (id, type_id, book_id, user_id, time_) values (148, 3, 41, 18, '2009-07-04 19:59:50');
insert into book2user (id, type_id, book_id, user_id, time_) values (149, 1, 23, 13, '2008-03-13 16:17:03');
insert into book2user (id, type_id, book_id, user_id, time_) values (150, 2, 29, 14, '2008-12-08 01:11:49');
insert into book2user (id, type_id, book_id, user_id, time_) values (151, 1, 80, 11, '2009-07-23 13:54:52');
insert into book2user (id, type_id, book_id, user_id, time_) values (152, 4, 95, 15, '2009-07-15 05:09:44');
insert into book2user (id, type_id, book_id, user_id, time_) values (153, 4, 61, 10, '2008-09-20 15:46:12');
insert into book2user (id, type_id, book_id, user_id, time_) values (154, 1, 92, 9, '2008-09-06 22:46:36');
insert into book2user (id, type_id, book_id, user_id, time_) values (155, 2, 38, 16, '2008-10-14 23:15:22');
insert into book2user (id, type_id, book_id, user_id, time_) values (156, 2, 72, 20, '2008-10-09 18:55:55');
insert into book2user (id, type_id, book_id, user_id, time_) values (157, 4, 79, 6, '2008-04-02 10:14:21');
insert into book2user (id, type_id, book_id, user_id, time_) values (158, 2, 4, 19, '2008-09-04 15:11:56');
insert into book2user (id, type_id, book_id, user_id, time_) values (159, 3, 89, 11, '2009-01-01 15:05:48');
insert into book2user (id, type_id, book_id, user_id, time_) values (160, 2, 11, 6, '2008-10-24 12:44:04');
insert into book2user (id, type_id, book_id, user_id, time_) values (161, 1, 38, 18, '2008-07-28 08:25:17');
insert into book2user (id, type_id, book_id, user_id, time_) values (162, 1, 45, 13, '2009-04-03 21:20:10');
insert into book2user (id, type_id, book_id, user_id, time_) values (163, 4, 43, 7, '2009-10-03 01:22:50');
insert into book2user (id, type_id, book_id, user_id, time_) values (164, 1, 85, 16, '2008-10-24 13:47:02');
insert into book2user (id, type_id, book_id, user_id, time_) values (165, 4, 13, 11, '2008-10-27 19:02:16');
insert into book2user (id, type_id, book_id, user_id, time_) values (166, 1, 47, 9, '2009-01-26 23:03:54');
insert into book2user (id, type_id, book_id, user_id, time_) values (167, 3, 61, 6, '2009-01-07 08:37:35');
insert into book2user (id, type_id, book_id, user_id, time_) values (168, 4, 94, 18, '2008-12-16 22:38:06');
insert into book2user (id, type_id, book_id, user_id, time_) values (169, 3, 28, 20, '2009-07-19 05:51:26');
insert into book2user (id, type_id, book_id, user_id, time_) values (170, 4, 6, 9, '2009-07-02 14:05:08');
insert into book2user (id, type_id, book_id, user_id, time_) values (171, 4, 5, 10, '2008-03-21 22:58:17');
insert into book2user (id, type_id, book_id, user_id, time_) values (172, 3, 16, 3, '2008-08-08 15:13:20');
insert into book2user (id, type_id, book_id, user_id, time_) values (173, 4, 16, 15, '2008-07-10 02:32:16');
insert into book2user (id, type_id, book_id, user_id, time_) values (174, 4, 76, 6, '2009-07-01 10:58:03');
insert into book2user (id, type_id, book_id, user_id, time_) values (175, 3, 88, 2, '2008-09-10 01:54:05');
insert into book2user (id, type_id, book_id, user_id, time_) values (176, 3, 92, 13, '2008-01-05 05:02:09');
insert into book2user (id, type_id, book_id, user_id, time_) values (177, 2, 84, 19, '2009-04-02 06:59:14');
insert into book2user (id, type_id, book_id, user_id, time_) values (178, 2, 21, 1, '2009-09-14 06:40:08');
insert into book2user (id, type_id, book_id, user_id, time_) values (179, 2, 37, 4, '2008-07-23 07:40:58');
insert into book2user (id, type_id, book_id, user_id, time_) values (180, 1, 84, 9, '2009-09-28 21:48:47');
insert into book2user (id, type_id, book_id, user_id, time_) values (181, 3, 34, 2, '2008-11-19 07:56:52');
insert into book2user (id, type_id, book_id, user_id, time_) values (182, 4, 43, 12, '2009-01-25 09:21:44');
insert into book2user (id, type_id, book_id, user_id, time_) values (183, 1, 13, 1, '2008-01-22 16:12:24');
insert into book2user (id, type_id, book_id, user_id, time_) values (184, 1, 45, 10, '2008-07-03 21:22:13');
insert into book2user (id, type_id, book_id, user_id, time_) values (185, 1, 27, 5, '2008-07-06 23:48:15');
insert into book2user (id, type_id, book_id, user_id, time_) values (186, 2, 73, 11, '2008-07-20 02:09:09');
insert into book2user (id, type_id, book_id, user_id, time_) values (187, 3, 73, 6, '2008-03-08 13:25:44');
insert into book2user (id, type_id, book_id, user_id, time_) values (188, 2, 33, 3, '2009-09-06 10:17:53');
insert into book2user (id, type_id, book_id, user_id, time_) values (189, 1, 25, 3, '2008-09-04 08:47:23');
insert into book2user (id, type_id, book_id, user_id, time_) values (190, 2, 25, 13, '2009-07-05 15:04:53');
insert into book2user (id, type_id, book_id, user_id, time_) values (191, 1, 49, 12, '2009-05-22 03:54:42');
insert into book2user (id, type_id, book_id, user_id, time_) values (192, 1, 62, 10, '2008-04-18 20:42:02');
insert into book2user (id, type_id, book_id, user_id, time_) values (193, 3, 48, 10, '2009-05-05 10:49:44');
insert into book2user (id, type_id, book_id, user_id, time_) values (194, 1, 18, 10, '2008-10-02 13:28:58');
insert into book2user (id, type_id, book_id, user_id, time_) values (195, 4, 16, 17, '2009-02-27 19:02:09');
insert into book2user (id, type_id, book_id, user_id, time_) values (196, 3, 16, 12, '2008-07-23 16:28:54');
insert into book2user (id, type_id, book_id, user_id, time_) values (197, 2, 46, 7, '2009-10-20 16:22:23');
insert into book2user (id, type_id, book_id, user_id, time_) values (198, 1, 75, 2, '2009-06-04 04:02:08');
insert into book2user (id, type_id, book_id, user_id, time_) values (199, 1, 71, 8, '2009-11-22 19:33:30');
insert into book2user (id, type_id, book_id, user_id, time_) values (200, 2, 15, 10, '2008-11-14 03:03:29');

insert into book2user_type (id, code, name) values (1, 0, 'KEPT');
insert into book2user_type (id, code, name) values (2, 1, 'CART');
insert into book2user_type (id, code, name) values (3, 2, 'PAID');
insert into book2user_type (id, code, name) values (4, 3, 'ARCHIVED');



insert into balance_transaction (id, user_id, time_, value_, book_id, description) values (1, 12, '2023-12-19 21:20:33', -1, 25, 'output');
insert into balance_transaction (id, user_id, time_, value_, book_id, description) values (2, 11, '2023-08-05 15:06:06', 1, 52, 'input');
insert into balance_transaction (id, user_id, time_, value_, book_id, description) values (3, 19, '2024-03-15 07:53:59', -1, 59, 'output');
insert into balance_transaction (id, user_id, time_, value_, book_id, description) values (4, 9, '2024-09-21 23:42:24', 1, 64, 'input');
insert into balance_transaction (id, user_id, time_, value_, book_id, description) values (5, 6, '2023-10-06 15:22:55', 1, 43, 'input');
insert into balance_transaction (id, user_id, time_, value_, book_id, description) values (6, 15, '2023-01-20 12:27:41', -1, 91, 'output');
insert into balance_transaction (id, user_id, time_, value_, book_id, description) values (7, 20, '2023-11-03 11:04:52', 1, 7, 'input');
insert into balance_transaction (id, user_id, time_, value_, book_id, description) values (8, 7, '2024-02-23 12:12:58', 1, 47, 'input');
insert into balance_transaction (id, user_id, time_, value_, book_id, description) values (9, 4, '2024-02-13 18:11:13', -1, 82, 'output');
insert into balance_transaction (id, user_id, time_, value_, book_id, description) values (10, 3, '2024-02-17 03:23:43', 1, 40, 'input');
insert into balance_transaction (id, user_id, time_, value_, book_id, description) values (11, 8, '2024-07-03 21:36:31', -1, 34, 'output');
insert into balance_transaction (id, user_id, time_, value_, book_id, description) values (12, 8, '2024-05-09 06:20:24', -1, 5, 'output');
insert into balance_transaction (id, user_id, time_, value_, book_id, description) values (13, 1, '2023-02-26 09:02:22', -1, 17, 'output');
insert into balance_transaction (id, user_id, time_, value_, book_id, description) values (14, 19, '2023-04-11 16:10:55', 1, 96, 'input');
insert into balance_transaction (id, user_id, time_, value_, book_id, description) values (15, 1, '2023-03-09 12:36:35', 1, 1, 'input');
insert into balance_transaction (id, user_id, time_, value_, book_id, description) values (16, 1, '2024-06-26 05:33:30', 1, 62, 'input');
insert into balance_transaction (id, user_id, time_, value_, book_id, description) values (17, 11, '2023-10-23 01:06:50', 1, 22, 'input');
insert into balance_transaction (id, user_id, time_, value_, book_id, description) values (18, 5, '2023-06-14 20:14:26', -1, 79, 'output');
insert into balance_transaction (id, user_id, time_, value_, book_id, description) values (19, 17, '2024-02-10 08:40:42', -1, 3, 'output');
insert into balance_transaction (id, user_id, time_, value_, book_id, description) values (20, 4, '2024-10-01 03:12:15', 1, 76, 'input');
insert into balance_transaction (id, user_id, time_, value_, book_id, description) values (21, 19, '2024-10-18 19:53:06', -1, 95, 'output');
insert into balance_transaction (id, user_id, time_, value_, book_id, description) values (22, 14, '2023-01-26 18:44:49', 1, 8, 'input');
insert into balance_transaction (id, user_id, time_, value_, book_id, description) values (23, 13, '2023-12-13 17:34:04', -1, 98, 'output');
insert into balance_transaction (id, user_id, time_, value_, book_id, description) values (24, 7, '2024-01-12 21:09:52', 1, 27, 'input');
insert into balance_transaction (id, user_id, time_, value_, book_id, description) values (25, 12, '2024-12-24 08:49:13', 1, 97, 'input');
insert into balance_transaction (id, user_id, time_, value_, book_id, description) values (26, 7, '2024-06-02 01:14:22', 1, 1, 'input');
insert into balance_transaction (id, user_id, time_, value_, book_id, description) values (27, 2, '2023-04-10 12:53:11', -1, 70, 'output');
insert into balance_transaction (id, user_id, time_, value_, book_id, description) values (28, 9, '2024-06-08 12:36:18', -1, 29, 'output');
insert into balance_transaction (id, user_id, time_, value_, book_id, description) values (29, 7, '2023-02-28 10:11:53', -1, 26, 'output');
insert into balance_transaction (id, user_id, time_, value_, book_id, description) values (30, 13, '2023-11-17 15:37:30', 1, 3, 'input');
insert into balance_transaction (id, user_id, time_, value_, book_id, description) values (31, 12, '2023-08-11 18:07:57', 1, 7, 'input');
insert into balance_transaction (id, user_id, time_, value_, book_id, description) values (32, 17, '2024-09-10 07:14:42', -1, 70, 'output');
insert into balance_transaction (id, user_id, time_, value_, book_id, description) values (33, 10, '2024-10-22 11:13:38', 1, 14, 'input');
insert into balance_transaction (id, user_id, time_, value_, book_id, description) values (34, 19, '2024-04-04 06:23:37', -1, 38, 'output');
insert into balance_transaction (id, user_id, time_, value_, book_id, description) values (35, 3, '2023-02-24 10:53:05', -1, 11, 'output');
insert into balance_transaction (id, user_id, time_, value_, book_id, description) values (36, 4, '2024-12-08 02:26:24', 1, 78, 'input');
insert into balance_transaction (id, user_id, time_, value_, book_id, description) values (37, 12, '2024-05-21 17:36:09', -1, 42, 'output');
insert into balance_transaction (id, user_id, time_, value_, book_id, description) values (38, 1, '2023-06-13 13:02:02', -1, 83, 'output');
insert into balance_transaction (id, user_id, time_, value_, book_id, description) values (39, 9, '2024-05-20 08:35:28', 1, 31, 'input');
insert into balance_transaction (id, user_id, time_, value_, book_id, description) values (40, 19, '2024-05-15 21:01:02', 1, 8, 'input');
insert into balance_transaction (id, user_id, time_, value_, book_id, description) values (41, 2, '2024-09-28 02:04:03', 1, 92, 'input');
insert into balance_transaction (id, user_id, time_, value_, book_id, description) values (42, 20, '2023-08-16 05:50:14', 1, 74, 'input');
insert into balance_transaction (id, user_id, time_, value_, book_id, description) values (43, 8, '2024-01-11 16:59:10', -1, 22, 'output');
insert into balance_transaction (id, user_id, time_, value_, book_id, description) values (44, 7, '2023-06-04 21:56:51', -1, 56, 'output');
insert into balance_transaction (id, user_id, time_, value_, book_id, description) values (45, 7, '2024-05-03 17:14:49', -1, 11, 'output');
insert into balance_transaction (id, user_id, time_, value_, book_id, description) values (46, 6, '2024-04-19 13:44:27', 1, 29, 'input');
insert into balance_transaction (id, user_id, time_, value_, book_id, description) values (47, 15, '2024-10-01 09:23:23', -1, 24, 'output');
insert into balance_transaction (id, user_id, time_, value_, book_id, description) values (48, 12, '2023-03-01 09:29:25', 1, 1, 'input');
insert into balance_transaction (id, user_id, time_, value_, book_id, description) values (49, 1, '2024-03-15 20:52:58', 1, 11, 'input');
insert into balance_transaction (id, user_id, time_, value_, book_id, description) values (50, 1, '2024-11-13 04:39:17', 1, 2, 'input');
insert into balance_transaction (id, user_id, time_, value_, book_id, description) values (51, 19, '2024-03-20 01:50:49', -1, 77, 'output');
insert into balance_transaction (id, user_id, time_, value_, book_id, description) values (52, 10, '2023-11-10 03:30:26', -1, 66, 'output');
insert into balance_transaction (id, user_id, time_, value_, book_id, description) values (53, 12, '2024-10-27 11:14:30', -1, 88, 'output');
insert into balance_transaction (id, user_id, time_, value_, book_id, description) values (54, 19, '2024-02-21 23:50:49', -1, 58, 'output');
insert into balance_transaction (id, user_id, time_, value_, book_id, description) values (55, 9, '2023-01-06 19:41:12', 1, 44, 'input');
insert into balance_transaction (id, user_id, time_, value_, book_id, description) values (56, 3, '2024-09-09 02:06:55', -1, 7, 'output');
insert into balance_transaction (id, user_id, time_, value_, book_id, description) values (57, 3, '2023-06-07 12:40:35', 1, 68, 'input');
insert into balance_transaction (id, user_id, time_, value_, book_id, description) values (58, 13, '2024-09-09 11:39:49', -1, 75, 'output');
insert into balance_transaction (id, user_id, time_, value_, book_id, description) values (59, 17, '2023-12-25 21:20:05', 1, 79, 'input');
insert into balance_transaction (id, user_id, time_, value_, book_id, description) values (60, 16, '2023-02-01 06:23:31', -1, 32, 'output');
insert into balance_transaction (id, user_id, time_, value_, book_id, description) values (61, 6, '2023-04-07 11:38:29', 1, 75, 'input');
insert into balance_transaction (id, user_id, time_, value_, book_id, description) values (62, 5, '2023-09-26 03:31:15', 1, 72, 'input');
insert into balance_transaction (id, user_id, time_, value_, book_id, description) values (63, 20, '2023-12-20 21:16:59', -1, 2, 'output');
insert into balance_transaction (id, user_id, time_, value_, book_id, description) values (64, 1, '2024-11-18 15:38:11', 1, 33, 'input');
insert into balance_transaction (id, user_id, time_, value_, book_id, description) values (65, 14, '2024-08-05 21:44:45', -1, 30, 'output');
insert into balance_transaction (id, user_id, time_, value_, book_id, description) values (66, 10, '2023-08-16 02:07:59', 1, 59, 'input');
insert into balance_transaction (id, user_id, time_, value_, book_id, description) values (67, 8, '2023-10-22 19:19:40', -1, 12, 'output');
insert into balance_transaction (id, user_id, time_, value_, book_id, description) values (68, 13, '2024-10-01 19:34:59', -1, 57, 'output');
insert into balance_transaction (id, user_id, time_, value_, book_id, description) values (69, 7, '2023-12-03 10:11:43', -1, 66, 'output');
insert into balance_transaction (id, user_id, time_, value_, book_id, description) values (70, 6, '2023-10-07 11:51:55', -1, 13, 'output');
insert into balance_transaction (id, user_id, time_, value_, book_id, description) values (71, 18, '2024-10-23 22:15:38', 1, 19, 'input');
insert into balance_transaction (id, user_id, time_, value_, book_id, description) values (72, 17, '2024-09-06 10:59:23', 1, 90, 'input');
insert into balance_transaction (id, user_id, time_, value_, book_id, description) values (73, 12, '2023-06-20 18:24:05', -1, 82, 'output');
insert into balance_transaction (id, user_id, time_, value_, book_id, description) values (74, 16, '2024-08-18 03:37:03', -1, 83, 'output');
insert into balance_transaction (id, user_id, time_, value_, book_id, description) values (75, 10, '2024-02-06 05:25:02', -1, 98, 'output');
insert into balance_transaction (id, user_id, time_, value_, book_id, description) values (76, 11, '2024-06-13 23:32:23', -1, 73, 'output');
insert into balance_transaction (id, user_id, time_, value_, book_id, description) values (77, 2, '2024-04-08 12:01:54', -1, 5, 'output');
insert into balance_transaction (id, user_id, time_, value_, book_id, description) values (78, 6, '2023-05-04 15:38:07', 1, 15, 'input');
insert into balance_transaction (id, user_id, time_, value_, book_id, description) values (79, 15, '2023-08-27 16:53:41', -1, 78, 'output');
insert into balance_transaction (id, user_id, time_, value_, book_id, description) values (80, 10, '2023-12-13 03:52:21', -1, 42, 'output');
insert into balance_transaction (id, user_id, time_, value_, book_id, description) values (81, 18, '2024-01-28 07:52:50', -1, 90, 'output');
insert into balance_transaction (id, user_id, time_, value_, book_id, description) values (82, 13, '2024-04-09 11:47:19', 1, 1, 'input');
insert into balance_transaction (id, user_id, time_, value_, book_id, description) values (83, 16, '2024-09-07 14:44:23', 1, 45, 'input');
insert into balance_transaction (id, user_id, time_, value_, book_id, description) values (84, 18, '2024-06-22 21:58:48', -1, 93, 'output');
insert into balance_transaction (id, user_id, time_, value_, book_id, description) values (85, 9, '2023-04-10 04:32:30', -1, 37, 'output');
insert into balance_transaction (id, user_id, time_, value_, book_id, description) values (86, 17, '2023-08-11 14:03:17', -1, 60, 'output');
insert into balance_transaction (id, user_id, time_, value_, book_id, description) values (87, 11, '2024-01-27 22:26:28', 1, 77, 'input');
insert into balance_transaction (id, user_id, time_, value_, book_id, description) values (88, 16, '2023-08-15 08:42:33', 1, 67, 'input');
insert into balance_transaction (id, user_id, time_, value_, book_id, description) values (89, 17, '2024-09-03 11:54:10', 1, 43, 'input');
insert into balance_transaction (id, user_id, time_, value_, book_id, description) values (90, 20, '2023-02-02 04:09:19', 1, 36, 'input');
insert into balance_transaction (id, user_id, time_, value_, book_id, description) values (91, 1, '2023-07-16 08:45:40', 1, 3, 'input');
insert into balance_transaction (id, user_id, time_, value_, book_id, description) values (92, 11, '2023-03-08 08:39:05', -1, 69, 'output');
insert into balance_transaction (id, user_id, time_, value_, book_id, description) values (93, 6, '2023-02-01 10:09:44', 1, 63, 'input');
insert into balance_transaction (id, user_id, time_, value_, book_id, description) values (94, 6, '2024-11-18 09:33:58', 1, 27, 'input');
insert into balance_transaction (id, user_id, time_, value_, book_id, description) values (95, 2, '2024-07-09 02:44:09', -1, 83, 'output');
insert into balance_transaction (id, user_id, time_, value_, book_id, description) values (96, 11, '2023-02-09 21:16:08', -1, 2, 'output');
insert into balance_transaction (id, user_id, time_, value_, book_id, description) values (97, 3, '2024-08-12 18:45:55', -1, 15, 'output');
insert into balance_transaction (id, user_id, time_, value_, book_id, description) values (98, 7, '2023-02-08 23:45:44', -1, 36, 'output');
insert into balance_transaction (id, user_id, time_, value_, book_id, description) values (99, 8, '2023-07-17 05:01:44', 1, 18, 'input');
insert into balance_transaction (id, user_id, time_, value_, book_id, description) values (100, 20, '2023-02-02 06:08:40', -1, 38, 'output');
insert into balance_transaction (id, user_id, time_, value_, book_id, description) values (101, 13, '2024-10-12 14:04:41', 1, 92, 'input');
insert into balance_transaction (id, user_id, time_, value_, book_id, description) values (102, 19, '2024-08-16 11:36:02', 1, 48, 'input');
insert into balance_transaction (id, user_id, time_, value_, book_id, description) values (103, 5, '2024-01-16 11:13:39', -1, 83, 'output');
insert into balance_transaction (id, user_id, time_, value_, book_id, description) values (104, 14, '2024-07-24 16:35:56', -1, 1, 'output');
insert into balance_transaction (id, user_id, time_, value_, book_id, description) values (105, 11, '2023-02-24 15:46:53', 1, 13, 'input');
insert into balance_transaction (id, user_id, time_, value_, book_id, description) values (106, 15, '2024-01-13 01:08:29', -1, 31, 'output');
insert into balance_transaction (id, user_id, time_, value_, book_id, description) values (107, 13, '2023-04-27 16:55:11', 1, 83, 'input');
insert into balance_transaction (id, user_id, time_, value_, book_id, description) values (108, 16, '2024-06-20 05:34:50', 1, 83, 'input');
insert into balance_transaction (id, user_id, time_, value_, book_id, description) values (109, 3, '2023-06-07 15:01:17', -1, 92, 'output');
insert into balance_transaction (id, user_id, time_, value_, book_id, description) values (110, 8, '2023-09-06 10:27:27', -1, 62, 'output');
insert into balance_transaction (id, user_id, time_, value_, book_id, description) values (111, 2, '2024-08-11 04:32:49', 1, 39, 'input');
insert into balance_transaction (id, user_id, time_, value_, book_id, description) values (112, 1, '2023-03-18 21:41:34', 1, 85, 'input');
insert into balance_transaction (id, user_id, time_, value_, book_id, description) values (113, 15, '2024-03-02 23:20:40', -1, 33, 'output');
insert into balance_transaction (id, user_id, time_, value_, book_id, description) values (114, 2, '2023-08-20 06:59:43', -1, 79, 'output');
insert into balance_transaction (id, user_id, time_, value_, book_id, description) values (115, 10, '2023-03-16 17:36:33', 1, 92, 'input');
insert into balance_transaction (id, user_id, time_, value_, book_id, description) values (116, 11, '2024-09-04 01:32:32', -1, 79, 'output');
insert into balance_transaction (id, user_id, time_, value_, book_id, description) values (117, 1, '2023-03-08 19:10:20', 1, 49, 'input');
insert into balance_transaction (id, user_id, time_, value_, book_id, description) values (118, 16, '2023-05-04 09:56:32', 1, 62, 'input');
insert into balance_transaction (id, user_id, time_, value_, book_id, description) values (119, 8, '2023-10-03 10:23:23', -1, 41, 'output');
insert into balance_transaction (id, user_id, time_, value_, book_id, description) values (120, 2, '2024-04-22 19:21:23', 1, 98, 'input');
insert into balance_transaction (id, user_id, time_, value_, book_id, description) values (121, 19, '2024-06-27 21:29:44', -1, 11, 'output');
insert into balance_transaction (id, user_id, time_, value_, book_id, description) values (122, 11, '2024-02-22 20:58:52', -1, 27, 'output');
insert into balance_transaction (id, user_id, time_, value_, book_id, description) values (123, 20, '2024-06-04 04:33:15', -1, 94, 'output');
insert into balance_transaction (id, user_id, time_, value_, book_id, description) values (124, 9, '2024-04-08 05:44:30', -1, 50, 'output');
insert into balance_transaction (id, user_id, time_, value_, book_id, description) values (125, 14, '2023-04-14 06:44:31', -1, 14, 'output');
insert into balance_transaction (id, user_id, time_, value_, book_id, description) values (126, 2, '2023-12-28 14:15:53', -1, 58, 'output');
insert into balance_transaction (id, user_id, time_, value_, book_id, description) values (127, 12, '2023-02-21 02:19:58', -1, 59, 'output');
insert into balance_transaction (id, user_id, time_, value_, book_id, description) values (128, 9, '2024-06-14 03:54:33', -1, 59, 'output');
insert into balance_transaction (id, user_id, time_, value_, book_id, description) values (129, 20, '2024-11-20 18:54:34', 1, 77, 'input');
insert into balance_transaction (id, user_id, time_, value_, book_id, description) values (130, 14, '2023-11-17 23:31:42', 1, 57, 'input');
insert into balance_transaction (id, user_id, time_, value_, book_id, description) values (131, 12, '2023-02-06 08:33:39', -1, 45, 'output');
insert into balance_transaction (id, user_id, time_, value_, book_id, description) values (132, 11, '2024-08-02 13:51:21', 1, 24, 'input');
insert into balance_transaction (id, user_id, time_, value_, book_id, description) values (133, 16, '2024-11-11 06:56:32', 1, 59, 'input');
insert into balance_transaction (id, user_id, time_, value_, book_id, description) values (134, 7, '2023-04-13 01:43:24', -1, 21, 'output');
insert into balance_transaction (id, user_id, time_, value_, book_id, description) values (135, 9, '2023-11-16 05:29:11', 1, 98, 'input');
insert into balance_transaction (id, user_id, time_, value_, book_id, description) values (136, 6, '2024-10-02 12:04:04', -1, 14, 'output');
insert into balance_transaction (id, user_id, time_, value_, book_id, description) values (137, 15, '2024-03-05 09:29:32', 1, 8, 'input');
insert into balance_transaction (id, user_id, time_, value_, book_id, description) values (138, 18, '2024-12-08 05:33:17', -1, 43, 'output');
insert into balance_transaction (id, user_id, time_, value_, book_id, description) values (139, 10, '2023-01-18 11:20:06', 1, 59, 'input');
insert into balance_transaction (id, user_id, time_, value_, book_id, description) values (140, 16, '2024-07-25 14:15:29', -1, 80, 'output');
insert into balance_transaction (id, user_id, time_, value_, book_id, description) values (141, 11, '2023-06-09 04:39:02', -1, 29, 'output');
insert into balance_transaction (id, user_id, time_, value_, book_id, description) values (142, 1, '2023-06-21 15:35:20', -1, 40, 'output');
insert into balance_transaction (id, user_id, time_, value_, book_id, description) values (143, 3, '2024-06-02 16:25:35', -1, 48, 'output');
insert into balance_transaction (id, user_id, time_, value_, book_id, description) values (144, 9, '2023-04-14 08:34:46', 1, 92, 'input');
insert into balance_transaction (id, user_id, time_, value_, book_id, description) values (145, 3, '2024-12-05 20:16:04', -1, 81, 'output');
insert into balance_transaction (id, user_id, time_, value_, book_id, description) values (146, 12, '2023-06-19 01:21:04', -1, 4, 'output');
insert into balance_transaction (id, user_id, time_, value_, book_id, description) values (147, 2, '2024-02-22 08:26:54', -1, 68, 'output');
insert into balance_transaction (id, user_id, time_, value_, book_id, description) values (148, 14, '2024-11-22 07:49:14', -1, 6, 'output');
insert into balance_transaction (id, user_id, time_, value_, book_id, description) values (149, 4, '2024-08-18 13:12:39', 1, 97, 'input');
insert into balance_transaction (id, user_id, time_, value_, book_id, description) values (150, 6, '2024-03-22 08:49:22', -1, 78, 'output');
insert into balance_transaction (id, user_id, time_, value_, book_id, description) values (151, 8, '2024-11-14 14:52:48', -1, 42, 'output');
insert into balance_transaction (id, user_id, time_, value_, book_id, description) values (152, 14, '2023-06-13 22:09:27', 1, 53, 'input');
insert into balance_transaction (id, user_id, time_, value_, book_id, description) values (153, 18, '2024-01-23 15:06:32', -1, 28, 'output');
insert into balance_transaction (id, user_id, time_, value_, book_id, description) values (154, 9, '2024-03-12 10:14:55', 1, 57, 'input');
insert into balance_transaction (id, user_id, time_, value_, book_id, description) values (155, 1, '2024-02-22 19:56:27', -1, 68, 'output');
insert into balance_transaction (id, user_id, time_, value_, book_id, description) values (156, 5, '2023-08-22 09:46:46', 1, 52, 'input');
insert into balance_transaction (id, user_id, time_, value_, book_id, description) values (157, 1, '2023-03-04 01:13:05', -1, 16, 'output');
insert into balance_transaction (id, user_id, time_, value_, book_id, description) values (158, 3, '2024-07-16 02:51:34', 1, 19, 'input');
insert into balance_transaction (id, user_id, time_, value_, book_id, description) values (159, 3, '2023-05-01 20:30:28', -1, 3, 'output');
insert into balance_transaction (id, user_id, time_, value_, book_id, description) values (160, 3, '2023-07-24 09:09:47', -1, 48, 'output');
insert into balance_transaction (id, user_id, time_, value_, book_id, description) values (161, 7, '2024-04-17 21:34:28', -1, 86, 'output');
insert into balance_transaction (id, user_id, time_, value_, book_id, description) values (162, 14, '2023-03-10 07:26:10', -1, 69, 'output');
insert into balance_transaction (id, user_id, time_, value_, book_id, description) values (163, 12, '2023-10-25 05:21:11', 1, 73, 'input');
insert into balance_transaction (id, user_id, time_, value_, book_id, description) values (164, 9, '2024-01-03 23:19:19', 1, 80, 'input');
insert into balance_transaction (id, user_id, time_, value_, book_id, description) values (165, 18, '2024-02-07 15:21:07', -1, 71, 'output');
insert into balance_transaction (id, user_id, time_, value_, book_id, description) values (166, 20, '2024-01-12 15:24:28', 1, 24, 'input');
insert into balance_transaction (id, user_id, time_, value_, book_id, description) values (167, 9, '2024-11-28 17:44:18', -1, 3, 'output');
insert into balance_transaction (id, user_id, time_, value_, book_id, description) values (168, 8, '2024-08-25 19:25:26', 1, 66, 'input');
insert into balance_transaction (id, user_id, time_, value_, book_id, description) values (169, 20, '2023-02-25 21:37:23', 1, 52, 'input');
insert into balance_transaction (id, user_id, time_, value_, book_id, description) values (170, 12, '2024-04-23 04:49:32', -1, 10, 'output');
insert into balance_transaction (id, user_id, time_, value_, book_id, description) values (171, 1, '2024-09-20 02:12:37', 1, 75, 'input');
insert into balance_transaction (id, user_id, time_, value_, book_id, description) values (172, 7, '2023-07-15 04:34:57', -1, 21, 'output');
insert into balance_transaction (id, user_id, time_, value_, book_id, description) values (173, 4, '2024-08-08 07:06:35', -1, 34, 'output');
insert into balance_transaction (id, user_id, time_, value_, book_id, description) values (174, 13, '2024-08-05 04:12:05', -1, 88, 'output');
insert into balance_transaction (id, user_id, time_, value_, book_id, description) values (175, 19, '2023-09-09 07:30:09', -1, 12, 'output');
insert into balance_transaction (id, user_id, time_, value_, book_id, description) values (176, 19, '2023-05-13 02:59:01', 1, 91, 'input');
insert into balance_transaction (id, user_id, time_, value_, book_id, description) values (177, 14, '2023-12-05 18:26:01', 1, 36, 'input');
insert into balance_transaction (id, user_id, time_, value_, book_id, description) values (178, 8, '2024-06-23 15:44:18', 1, 8, 'input');
insert into balance_transaction (id, user_id, time_, value_, book_id, description) values (179, 14, '2024-11-13 12:58:24', -1, 86, 'output');
insert into balance_transaction (id, user_id, time_, value_, book_id, description) values (180, 13, '2024-01-18 12:17:52', 1, 24, 'input');
insert into balance_transaction (id, user_id, time_, value_, book_id, description) values (181, 11, '2024-05-25 14:32:31', -1, 16, 'output');
insert into balance_transaction (id, user_id, time_, value_, book_id, description) values (182, 14, '2023-11-17 13:49:53', 1, 85, 'input');
insert into balance_transaction (id, user_id, time_, value_, book_id, description) values (183, 3, '2024-12-18 02:02:58', 1, 52, 'input');
insert into balance_transaction (id, user_id, time_, value_, book_id, description) values (184, 9, '2024-06-10 05:01:10', 1, 52, 'input');
insert into balance_transaction (id, user_id, time_, value_, book_id, description) values (185, 19, '2023-11-04 18:13:09', -1, 14, 'output');
insert into balance_transaction (id, user_id, time_, value_, book_id, description) values (186, 18, '2024-09-12 20:41:16', -1, 100, 'output');
insert into balance_transaction (id, user_id, time_, value_, book_id, description) values (187, 10, '2023-10-08 19:52:22', -1, 3, 'output');
insert into balance_transaction (id, user_id, time_, value_, book_id, description) values (188, 15, '2023-08-02 10:35:13', 1, 12, 'input');
insert into balance_transaction (id, user_id, time_, value_, book_id, description) values (189, 15, '2023-03-01 03:08:05', 1, 21, 'input');
insert into balance_transaction (id, user_id, time_, value_, book_id, description) values (190, 18, '2024-02-17 04:27:02', 1, 28, 'input');
insert into balance_transaction (id, user_id, time_, value_, book_id, description) values (191, 11, '2024-10-20 13:37:57', -1, 53, 'output');
insert into balance_transaction (id, user_id, time_, value_, book_id, description) values (192, 16, '2023-02-19 02:20:37', 1, 80, 'input');
insert into balance_transaction (id, user_id, time_, value_, book_id, description) values (193, 4, '2024-09-07 03:53:48', 1, 79, 'input');
insert into balance_transaction (id, user_id, time_, value_, book_id, description) values (194, 12, '2024-01-27 03:13:46', 1, 88, 'input');
insert into balance_transaction (id, user_id, time_, value_, book_id, description) values (195, 1, '2023-10-16 22:31:29', -1, 50, 'output');
insert into balance_transaction (id, user_id, time_, value_, book_id, description) values (196, 20, '2024-09-24 23:48:14', -1, 37, 'output');
insert into balance_transaction (id, user_id, time_, value_, book_id, description) values (197, 4, '2023-05-18 22:31:38', -1, 97, 'output');
insert into balance_transaction (id, user_id, time_, value_, book_id, description) values (198, 7, '2024-01-15 02:39:05', 1, 19, 'input');
insert into balance_transaction (id, user_id, time_, value_, book_id, description) values (199, 5, '2024-08-16 14:29:27', -1, 2, 'output');
insert into balance_transaction (id, user_id, time_, value_, book_id, description) values (200, 14, '2024-11-26 16:26:11', -1, 58, 'output');



insert into book_file (id, hash, type_id, path_) values (1, '37907897', 1, 'C:\Users\Semen\Documents\УД');
insert into book_file (id, hash, type_id, path_) values (2, '42310601', 0, 'C:\Users\Semen\Documents\УД 12210330029000001');
insert into book_file (id, hash, type_id, path_) values (3, '21839104', 2, 'C:\Users\Semen\Documents\52 ПСЧ График ОГ на Декабрь 2022 года.docx');
insert into book_file (id, hash, type_id, path_) values (4, '39004489', 1, 'C:\Users\Semen\Documents\CPY_SAVES');
insert into book_file (id, hash, type_id, path_) values (5, '70547127', 0, 'C:\Users\Semen\Documents\мои рисунки');
insert into book_file (id, hash, type_id, path_) values (6, '45304330', 2, 'C:\Users\Semen\Documents\схема кадастр земельных участков — копия — копия.pdf');
insert into book_file (id, hash, type_id, path_) values (7, '18774640', 2, 'C:\Users\Semen\Documents\52 ПСЧ График ОГ на Декабрь 2022 года.docx');
insert into book_file (id, hash, type_id, path_) values (8, '53441350', 2, 'C:\Users\Semen\Documents\52 ПСЧ График ОГ на Декабрь 2022 года.docx');
insert into book_file (id, hash, type_id, path_) values (9, '54956723', 0, 'C:\Users\Semen\Documents\CryptoARM');
insert into book_file (id, hash, type_id, path_) values (10, '32137980', 2, 'C:\Users\Semen\Documents\CPY_SAVES');
insert into book_file (id, hash, type_id, path_) values (11, '35418250', 0, 'C:\Users\Semen\Documents\desktop.ini');
insert into book_file (id, hash, type_id, path_) values (12, '84016474', 0, 'C:\Users\Semen\Documents\УД');
insert into book_file (id, hash, type_id, path_) values (13, '18116186', 0, 'C:\Users\Semen\Documents\desktop.ini');
insert into book_file (id, hash, type_id, path_) values (14, '22749112', 0, 'C:\Users\Semen\Documents\Scan');
insert into book_file (id, hash, type_id, path_) values (15, '91341823', 0, 'C:\Users\Semen\Documents\мои рисунки');
insert into book_file (id, hash, type_id, path_) values (16, '12422306', 2, 'C:\Users\Semen\Documents\CPY_SAVES');
insert into book_file (id, hash, type_id, path_) values (17, '79829218', 0, 'C:\Users\Semen\Documents\Мои видеозаписи');
insert into book_file (id, hash, type_id, path_) values (18, '20007053', 0, 'C:\Users\Semen\Documents\KONAMI');
insert into book_file (id, hash, type_id, path_) values (19, '20525213', 0, 'C:\Users\Semen\Documents\SkidRow');
insert into book_file (id, hash, type_id, path_) values (20, '98581716', 0, 'C:\Users\Semen\Documents\52 ПСЧ рапорт по гражданской обороне.docx');
insert into book_file (id, hash, type_id, path_) values (21, '57307532', 1, 'C:\Users\Semen\Documents\мои рисунки');
insert into book_file (id, hash, type_id, path_) values (22, '32928736', 2, 'C:\Users\Semen\Documents\Настраиваемые шаблоны Office');
insert into book_file (id, hash, type_id, path_) values (23, '97079931', 2, 'C:\Users\Semen\Documents\Моя музыка');
insert into book_file (id, hash, type_id, path_) values (24, '40324855', 2, 'C:\Users\Semen\Documents\Для запроса');
insert into book_file (id, hash, type_id, path_) values (25, '43371228', 1, 'C:\Users\Semen\Documents\56ae93es-960.jpg');
insert into book_file (id, hash, type_id, path_) values (26, '72208965', 1, 'C:\Users\Semen\Documents\Настраиваемые шаблоны Office');
insert into book_file (id, hash, type_id, path_) values (27, '55596312', 2, 'C:\Users\Semen\Documents\УД');
insert into book_file (id, hash, type_id, path_) values (28, '73609647', 1, 'C:\Users\Semen\Documents\Для запроса');
insert into book_file (id, hash, type_id, path_) values (29, '94724021', 1, 'C:\Users\Semen\Documents\УД');
insert into book_file (id, hash, type_id, path_) values (30, '82301257', 0, 'C:\Users\Semen\Documents\52 ПСЧ рапорт по гражданской обороне.docx');
insert into book_file (id, hash, type_id, path_) values (31, '75905839', 1, 'C:\Users\Semen\Documents\CPY_SAVES');
insert into book_file (id, hash, type_id, path_) values (32, '88633117', 0, 'C:\Users\Semen\Documents\УД');
insert into book_file (id, hash, type_id, path_) values (33, '33428336', 0, 'C:\Users\Semen\Documents\УД 12210330029000001');
insert into book_file (id, hash, type_id, path_) values (34, '63174259', 1, 'C:\Users\Semen\Documents\Для запроса');
insert into book_file (id, hash, type_id, path_) values (35, '35383600', 1, 'C:\Users\Semen\Documents\схема кадастр земельных участков — копия — копия.pdf');
insert into book_file (id, hash, type_id, path_) values (36, '48291911', 2, 'C:\Users\Semen\Documents\52 ПСЧ График ОГ на Декабрь 2022 года.docx');
insert into book_file (id, hash, type_id, path_) values (37, '31371952', 1, 'C:\Users\Semen\Documents\SkidRow');
insert into book_file (id, hash, type_id, path_) values (38, '34868696', 1, 'C:\Users\Semen\Documents\Scan');
insert into book_file (id, hash, type_id, path_) values (39, '20804809', 1, 'C:\Users\Semen\Documents\SkidRow');
insert into book_file (id, hash, type_id, path_) values (40, '39894736', 1, 'C:\Users\Semen\Documents\Для запроса');
insert into book_file (id, hash, type_id, path_) values (41, '91962286', 1, 'C:\Users\Semen\Documents\Мои видеозаписи');
insert into book_file (id, hash, type_id, path_) values (42, '53535486', 0, 'C:\Users\Semen\Documents\56ae93es-960.jpg');
insert into book_file (id, hash, type_id, path_) values (43, '47324768', 0, 'C:\Users\Semen\Documents\CPY_SAVES');
insert into book_file (id, hash, type_id, path_) values (44, '91029570', 2, 'C:\Users\Semen\Documents\CryptoARM');
insert into book_file (id, hash, type_id, path_) values (45, '32173321', 2, 'C:\Users\Semen\Documents\SkidRow');
insert into book_file (id, hash, type_id, path_) values (46, '65413258', 1, 'C:\Users\Semen\Documents\УД 12210330029000001');
insert into book_file (id, hash, type_id, path_) values (47, '65485127', 1, 'C:\Users\Semen\Documents\LetsView');
insert into book_file (id, hash, type_id, path_) values (48, '80488347', 1, 'C:\Users\Semen\Documents\KONAMI');
insert into book_file (id, hash, type_id, path_) values (49, '79181304', 0, 'C:\Users\Semen\Documents\Scan');
insert into book_file (id, hash, type_id, path_) values (50, '29648145', 2, 'C:\Users\Semen\Documents\Моя музыка');
insert into book_file (id, hash, type_id, path_) values (51, '26038039', 0, 'C:\Users\Semen\Documents\Ежедневный отчет по профилактике 23.11.2022.doc');
insert into book_file (id, hash, type_id, path_) values (52, '97374176', 2, 'C:\Users\Semen\Documents\CryptoARM');
insert into book_file (id, hash, type_id, path_) values (53, '84714193', 2, 'C:\Users\Semen\Documents\52 ПСЧ рапорт по гражданской обороне.docx');
insert into book_file (id, hash, type_id, path_) values (54, '51969666', 2, 'C:\Users\Semen\Documents\Мои видеозаписи');
insert into book_file (id, hash, type_id, path_) values (55, '61268823', 2, 'C:\Users\Semen\Documents\KONAMI');
insert into book_file (id, hash, type_id, path_) values (56, '23738273', 2, 'C:\Users\Semen\Documents\УД');
insert into book_file (id, hash, type_id, path_) values (57, '93573196', 2, 'C:\Users\Semen\Documents\УД');
insert into book_file (id, hash, type_id, path_) values (58, '26792184', 2, 'C:\Users\Semen\Documents\CryptoARM');
insert into book_file (id, hash, type_id, path_) values (59, '63719855', 1, 'C:\Users\Semen\Documents\desktop.ini');
insert into book_file (id, hash, type_id, path_) values (60, '71649413', 0, 'C:\Users\Semen\Documents\схема кадастр земельных участков — копия — копия.pdf');
insert into book_file (id, hash, type_id, path_) values (61, '47229186', 1, 'C:\Users\Semen\Documents\Ежедневный отчет по профилактике 23.11.2022.doc');
insert into book_file (id, hash, type_id, path_) values (62, '85311378', 2, 'C:\Users\Semen\Documents\р.png');
insert into book_file (id, hash, type_id, path_) values (63, '98774080', 1, 'C:\Users\Semen\Documents\Для запроса');
insert into book_file (id, hash, type_id, path_) values (64, '27820882', 2, 'C:\Users\Semen\Documents\Моя музыка');
insert into book_file (id, hash, type_id, path_) values (65, '70063429', 0, 'C:\Users\Semen\Documents\Scan');
insert into book_file (id, hash, type_id, path_) values (66, '58276269', 1, 'C:\Users\Semen\Documents\SkidRow');
insert into book_file (id, hash, type_id, path_) values (67, '87556433', 1, 'C:\Users\Semen\Documents\мои рисунки');
insert into book_file (id, hash, type_id, path_) values (68, '47808840', 1, 'C:\Users\Semen\Documents\Настраиваемые шаблоны Office');
insert into book_file (id, hash, type_id, path_) values (69, '52488734', 1, 'C:\Users\Semen\Documents\desktop.ini');
insert into book_file (id, hash, type_id, path_) values (70, '95450702', 1, 'C:\Users\Semen\Documents\R-TT');
insert into book_file (id, hash, type_id, path_) values (71, '63278189', 1, 'C:\Users\Semen\Documents\УД 12210330029000001');
insert into book_file (id, hash, type_id, path_) values (72, '86240392', 1, 'C:\Users\Semen\Documents\CryptoARM');
insert into book_file (id, hash, type_id, path_) values (73, '22964913', 2, 'C:\Users\Semen\Documents\Scan');
insert into book_file (id, hash, type_id, path_) values (74, '72667064', 1, 'C:\Users\Semen\Documents\Мои видеозаписи');
insert into book_file (id, hash, type_id, path_) values (75, '15260345', 1, 'C:\Users\Semen\Documents\R-TT');
insert into book_file (id, hash, type_id, path_) values (76, '49529752', 0, 'C:\Users\Semen\Documents\р.png');
insert into book_file (id, hash, type_id, path_) values (77, '67589125', 2, 'C:\Users\Semen\Documents\Мои видеозаписи');
insert into book_file (id, hash, type_id, path_) values (78, '61819447', 1, 'C:\Users\Semen\Documents\мои рисунки');
insert into book_file (id, hash, type_id, path_) values (79, '45983274', 0, 'C:\Users\Semen\Documents\desktop.ini');
insert into book_file (id, hash, type_id, path_) values (80, '24207444', 2, 'C:\Users\Semen\Documents\56ae93es-960.jpg');
insert into book_file (id, hash, type_id, path_) values (81, '89274966', 0, 'C:\Users\Semen\Documents\SkidRow');
insert into book_file (id, hash, type_id, path_) values (82, '72476835', 2, 'C:\Users\Semen\Documents\Ежедневный отчет по профилактике 23.11.2022.doc');
insert into book_file (id, hash, type_id, path_) values (83, '77620961', 2, 'C:\Users\Semen\Documents\мои рисунки');
insert into book_file (id, hash, type_id, path_) values (84, '45098703', 0, 'C:\Users\Semen\Documents\56ae93es-960.jpg');
insert into book_file (id, hash, type_id, path_) values (85, '76311986', 2, 'C:\Users\Semen\Documents\УД');
insert into book_file (id, hash, type_id, path_) values (86, '51574604', 2, 'C:\Users\Semen\Documents\УД 12210330029000001');
insert into book_file (id, hash, type_id, path_) values (87, '55629265', 0, 'C:\Users\Semen\Documents\УД 12210330029000001');
insert into book_file (id, hash, type_id, path_) values (88, '45364917', 2, 'C:\Users\Semen\Documents\мои рисунки');
insert into book_file (id, hash, type_id, path_) values (89, '61208416', 2, 'C:\Users\Semen\Documents\р.png');
insert into book_file (id, hash, type_id, path_) values (90, '83198288', 0, 'C:\Users\Semen\Documents\схема кадастр земельных участков — копия — копия.pdf');
insert into book_file (id, hash, type_id, path_) values (91, '19179910', 0, 'C:\Users\Semen\Documents\мои рисунки');
insert into book_file (id, hash, type_id, path_) values (92, '30422036', 0, 'C:\Users\Semen\Documents\Для запроса');
insert into book_file (id, hash, type_id, path_) values (93, '39608761', 2, 'C:\Users\Semen\Documents\Настраиваемые шаблоны Office');
insert into book_file (id, hash, type_id, path_) values (94, '41584548', 0, 'C:\Users\Semen\Documents\Ежедневный отчет по профилактике 23.11.2022.doc');
insert into book_file (id, hash, type_id, path_) values (95, '52676272', 0, 'C:\Users\Semen\Documents\52 ПСЧ рапорт по гражданской обороне.docx');
insert into book_file (id, hash, type_id, path_) values (96, '95527605', 1, 'C:\Users\Semen\Documents\CryptoARM');
insert into book_file (id, hash, type_id, path_) values (97, '52411254', 1, 'C:\Users\Semen\Documents\Моя музыка');
insert into book_file (id, hash, type_id, path_) values (98, '17131060', 2, 'C:\Users\Semen\Documents\KONAMI');
insert into book_file (id, hash, type_id, path_) values (99, '65920429', 0, 'C:\Users\Semen\Documents\Ежедневный отчет по профилактике 23.11.2022.doc');
insert into book_file (id, hash, type_id, path_) values (100, '17939181', 2, 'C:\Users\Semen\Documents\desktop.ini');

insert into book_file_type (id, name, description) values (1, 'PDF', 'Portable Document Format (PDF)');
insert into book_file_type (id, name, description) values (2, 'EPUB', 'Electronic Publication');
insert into book_file_type (id, name, description) values (3, 'FB2', 'FB2 (FictionBook)');


insert into file_download (id, user_id, book_id, count) values (1, 12, 57, 37);
insert into file_download (id, user_id, book_id, count) values (2, 2, 54, 50);
insert into file_download (id, user_id, book_id, count) values (3, 16, 50, 23);
insert into file_download (id, user_id, book_id, count) values (4, 12, 41, 46);
insert into file_download (id, user_id, book_id, count) values (5, 2, 54, 44);
insert into file_download (id, user_id, book_id, count) values (6, 4, 46, 10);
insert into file_download (id, user_id, book_id, count) values (7, 9, 80, 10);
insert into file_download (id, user_id, book_id, count) values (8, 18, 39, 40);
insert into file_download (id, user_id, book_id, count) values (9, 20, 63, 30);
insert into file_download (id, user_id, book_id, count) values (10, 20, 96, 44);
insert into file_download (id, user_id, book_id, count) values (11, 5, 89, 41);
insert into file_download (id, user_id, book_id, count) values (12, 8, 41, 13);
insert into file_download (id, user_id, book_id, count) values (13, 14, 97, 9);
insert into file_download (id, user_id, book_id, count) values (14, 9, 57, 42);
insert into file_download (id, user_id, book_id, count) values (15, 18, 43, 42);
insert into file_download (id, user_id, book_id, count) values (16, 5, 46, 37);
insert into file_download (id, user_id, book_id, count) values (17, 10, 50, 9);
insert into file_download (id, user_id, book_id, count) values (18, 19, 96, 25);
insert into file_download (id, user_id, book_id, count) values (19, 6, 69, 5);
insert into file_download (id, user_id, book_id, count) values (20, 2, 49, 11);
insert into file_download (id, user_id, book_id, count) values (21, 17, 69, 13);
insert into file_download (id, user_id, book_id, count) values (22, 7, 6, 38);
insert into file_download (id, user_id, book_id, count) values (23, 12, 11, 28);
insert into file_download (id, user_id, book_id, count) values (24, 5, 69, 38);
insert into file_download (id, user_id, book_id, count) values (25, 7, 66, 25);
insert into file_download (id, user_id, book_id, count) values (26, 9, 18, 41);
insert into file_download (id, user_id, book_id, count) values (27, 20, 60, 11);
insert into file_download (id, user_id, book_id, count) values (28, 9, 13, 28);
insert into file_download (id, user_id, book_id, count) values (29, 17, 92, 43);
insert into file_download (id, user_id, book_id, count) values (30, 11, 67, 49);
insert into file_download (id, user_id, book_id, count) values (31, 14, 20, 36);
insert into file_download (id, user_id, book_id, count) values (32, 13, 75, 43);
insert into file_download (id, user_id, book_id, count) values (33, 19, 31, 6);
insert into file_download (id, user_id, book_id, count) values (34, 10, 11, 16);
insert into file_download (id, user_id, book_id, count) values (35, 3, 76, 17);
insert into file_download (id, user_id, book_id, count) values (36, 16, 69, 18);
insert into file_download (id, user_id, book_id, count) values (37, 11, 38, 2);
insert into file_download (id, user_id, book_id, count) values (38, 17, 87, 2);
insert into file_download (id, user_id, book_id, count) values (39, 3, 34, 29);
insert into file_download (id, user_id, book_id, count) values (40, 14, 72, 24);
insert into file_download (id, user_id, book_id, count) values (41, 18, 62, 33);
insert into file_download (id, user_id, book_id, count) values (42, 18, 27, 20);
insert into file_download (id, user_id, book_id, count) values (43, 11, 46, 47);
insert into file_download (id, user_id, book_id, count) values (44, 7, 68, 44);
insert into file_download (id, user_id, book_id, count) values (45, 12, 92, 36);
insert into file_download (id, user_id, book_id, count) values (46, 5, 95, 13);
insert into file_download (id, user_id, book_id, count) values (47, 2, 31, 32);
insert into file_download (id, user_id, book_id, count) values (48, 10, 98, 48);
insert into file_download (id, user_id, book_id, count) values (49, 13, 27, 37);
insert into file_download (id, user_id, book_id, count) values (50, 19, 99, 30);
insert into file_download (id, user_id, book_id, count) values (51, 12, 84, 19);
insert into file_download (id, user_id, book_id, count) values (52, 13, 1, 26);
insert into file_download (id, user_id, book_id, count) values (53, 14, 35, 43);
insert into file_download (id, user_id, book_id, count) values (54, 8, 81, 33);
insert into file_download (id, user_id, book_id, count) values (55, 14, 60, 46);
insert into file_download (id, user_id, book_id, count) values (56, 20, 53, 9);
insert into file_download (id, user_id, book_id, count) values (57, 14, 89, 1);
insert into file_download (id, user_id, book_id, count) values (58, 16, 100, 47);
insert into file_download (id, user_id, book_id, count) values (59, 5, 42, 6);
insert into file_download (id, user_id, book_id, count) values (60, 1, 8, 4);
insert into file_download (id, user_id, book_id, count) values (61, 7, 35, 32);
insert into file_download (id, user_id, book_id, count) values (62, 20, 76, 28);
insert into file_download (id, user_id, book_id, count) values (63, 20, 18, 5);
insert into file_download (id, user_id, book_id, count) values (64, 9, 67, 40);
insert into file_download (id, user_id, book_id, count) values (65, 19, 100, 49);
insert into file_download (id, user_id, book_id, count) values (66, 17, 35, 13);
insert into file_download (id, user_id, book_id, count) values (67, 14, 99, 45);
insert into file_download (id, user_id, book_id, count) values (68, 3, 73, 12);
insert into file_download (id, user_id, book_id, count) values (69, 8, 9, 41);
insert into file_download (id, user_id, book_id, count) values (70, 20, 99, 20);
insert into file_download (id, user_id, book_id, count) values (71, 18, 74, 3);
insert into file_download (id, user_id, book_id, count) values (72, 20, 94, 15);
insert into file_download (id, user_id, book_id, count) values (73, 5, 73, 37);
insert into file_download (id, user_id, book_id, count) values (74, 17, 39, 15);
insert into file_download (id, user_id, book_id, count) values (75, 9, 32, 14);
insert into file_download (id, user_id, book_id, count) values (76, 7, 19, 6);
insert into file_download (id, user_id, book_id, count) values (77, 4, 98, 13);
insert into file_download (id, user_id, book_id, count) values (78, 12, 46, 3);
insert into file_download (id, user_id, book_id, count) values (79, 9, 34, 38);
insert into file_download (id, user_id, book_id, count) values (80, 17, 5, 31);
insert into file_download (id, user_id, book_id, count) values (81, 19, 39, 35);
insert into file_download (id, user_id, book_id, count) values (82, 20, 56, 32);
insert into file_download (id, user_id, book_id, count) values (83, 10, 80, 36);
insert into file_download (id, user_id, book_id, count) values (84, 10, 74, 17);
insert into file_download (id, user_id, book_id, count) values (85, 4, 79, 46);
insert into file_download (id, user_id, book_id, count) values (86, 2, 27, 31);
insert into file_download (id, user_id, book_id, count) values (87, 2, 16, 45);
insert into file_download (id, user_id, book_id, count) values (88, 18, 13, 44);
insert into file_download (id, user_id, book_id, count) values (89, 1, 59, 50);
insert into file_download (id, user_id, book_id, count) values (90, 2, 46, 20);
insert into file_download (id, user_id, book_id, count) values (91, 14, 63, 38);
insert into file_download (id, user_id, book_id, count) values (92, 13, 63, 32);
insert into file_download (id, user_id, book_id, count) values (93, 14, 96, 7);
insert into file_download (id, user_id, book_id, count) values (94, 12, 89, 26);
insert into file_download (id, user_id, book_id, count) values (95, 7, 98, 9);
insert into file_download (id, user_id, book_id, count) values (96, 13, 34, 41);
insert into file_download (id, user_id, book_id, count) values (97, 4, 69, 10);
insert into file_download (id, user_id, book_id, count) values (98, 14, 43, 23);
insert into file_download (id, user_id, book_id, count) values (99, 5, 61, 15);
insert into file_download (id, user_id, book_id, count) values (100, 1, 41, 24);



insert into document (id, sort_index, slug, title, text) values (1, 1, 'SLUG 1','TITLE 1', 'TEXT 1');
insert into document (id, sort_index, slug, title, text) values (2, 2, 'SLUG 2','TITLE 2', 'TEXT 2');
insert into document (id, sort_index, slug, title, text) values (3, 3, 'SLUG 3','TITLE 3', 'TEXT 3');
insert into document (id, sort_index, slug, title, text) values (4, 4, 'SLUG 4','TITLE 4', 'TEXT 4');
insert into document (id, sort_index, slug, title, text) values (5, 5, 'SLUG 5','TITLE 5', 'TEXT 5');
insert into document (id, sort_index, slug, title, text) values (6, 6, 'SLUG 6','TITLE 6', 'TEXT 6');
insert into document (id, sort_index, slug, title, text) values (7, 7, 'SLUG 7','TITLE 7', 'TEXT 7');
insert into document (id, sort_index, slug, title, text) values (8, 8, 'SLUG 8','TITLE 8', 'TEXT 8');
insert into document (id, sort_index, slug, title, text) values (9, 9, 'SLUG 9','TITLE 9', 'TEXT 9');
insert into document (id, sort_index, slug, title, text) values (10, 10, 'SLUG 10','TITLE 10', 'TEXT 10');
insert into document (id, sort_index, slug, title, text) values (11, 11, 'SLUG 11','TITLE 11', 'TEXT 11');
insert into document (id, sort_index, slug, title, text) values (12, 12, 'SLUG 12','TITLE 12', 'TEXT 12');
insert into document (id, sort_index, slug, title, text) values (13, 13, 'SLUG 13','TITLE 13', 'TEXT 13');
insert into document (id, sort_index, slug, title, text) values (14, 14, 'SLUG 14','TITLE 14', 'TEXT 14');
insert into document (id, sort_index, slug, title, text) values (15, 15, 'SLUG 15','TITLE 15', 'TEXT 15');
insert into document (id, sort_index, slug, title, text) values (16, 16, 'SLUG 16','TITLE 16', 'TEXT 16');
insert into document (id, sort_index, slug, title, text) values (17, 17, 'SLUG 17','TITLE 17', 'TEXT 17');
insert into document (id, sort_index, slug, title, text) values (18, 18, 'SLUG 18','TITLE 18', 'TEXT 18');
insert into document (id, sort_index, slug, title, text) values (19, 19, 'SLUG 19','TITLE 19', 'TEXT 19');
insert into document (id, sort_index, slug, title, text) values (20, 20, 'SLUG 20','TITLE 20', 'TEXT 20');
insert into document (id, sort_index, slug, title, text) values (21, 21, 'SLUG 21','TITLE 21', 'TEXT 21');
insert into document (id, sort_index, slug, title, text) values (22, 22, 'SLUG 22','TITLE 22', 'TEXT 22');
insert into document (id, sort_index, slug, title, text) values (23, 23, 'SLUG 23','TITLE 23', 'TEXT 23');
insert into document (id, sort_index, slug, title, text) values (24, 24, 'SLUG 24','TITLE 24', 'TEXT 24');
insert into document (id, sort_index, slug, title, text) values (25, 25, 'SLUG 25','TITLE 25', 'TEXT 25');
insert into document (id, sort_index, slug, title, text) values (26, 26, 'SLUG 26','TITLE 26', 'TEXT 26');
insert into document (id, sort_index, slug, title, text) values (27, 27, 'SLUG 27','TITLE 27', 'TEXT 27');
insert into document (id, sort_index, slug, title, text) values (28, 28, 'SLUG 28','TITLE 28', 'TEXT 28');
insert into document (id, sort_index, slug, title, text) values (29, 29, 'SLUG 29','TITLE 29', 'TEXT 29');
insert into document (id, sort_index, slug, title, text) values (30, 30, 'SLUG 30','TITLE 30', 'TEXT 30');
insert into document (id, sort_index, slug, title, text) values (31, 31, 'SLUG 31','TITLE 31', 'TEXT 31');
insert into document (id, sort_index, slug, title, text) values (32, 32, 'SLUG 32','TITLE 32', 'TEXT 32');
insert into document (id, sort_index, slug, title, text) values (33, 33, 'SLUG 33','TITLE 33', 'TEXT 33');
insert into document (id, sort_index, slug, title, text) values (34, 34, 'SLUG 34','TITLE 34', 'TEXT 34');
insert into document (id, sort_index, slug, title, text) values (35, 35, 'SLUG 35','TITLE 35', 'TEXT 35');
insert into document (id, sort_index, slug, title, text) values (36, 36, 'SLUG 36','TITLE 36', 'TEXT 36');
insert into document (id, sort_index, slug, title, text) values (37, 37, 'SLUG 37','TITLE 37', 'TEXT 37');
insert into document (id, sort_index, slug, title, text) values (38, 38, 'SLUG 38','TITLE 38', 'TEXT 38');
insert into document (id, sort_index, slug, title, text) values (39, 39, 'SLUG 39','TITLE 39', 'TEXT 39');
insert into document (id, sort_index, slug, title, text) values (40, 40, 'SLUG 40','TITLE 40', 'TEXT 40');
insert into document (id, sort_index, slug, title, text) values (41, 41, 'SLUG 41','TITLE 41', 'TEXT 41');
insert into document (id, sort_index, slug, title, text) values (42, 42, 'SLUG 42','TITLE 42', 'TEXT 42');
insert into document (id, sort_index, slug, title, text) values (43, 43, 'SLUG 43','TITLE 43', 'TEXT 43');
insert into document (id, sort_index, slug, title, text) values (44, 44, 'SLUG 44','TITLE 44', 'TEXT 44');
insert into document (id, sort_index, slug, title, text) values (45, 45, 'SLUG 45','TITLE 45', 'TEXT 45');
insert into document (id, sort_index, slug, title, text) values (46, 46, 'SLUG 46','TITLE 46', 'TEXT 46');
insert into document (id, sort_index, slug, title, text) values (47, 47, 'SLUG 47','TITLE 47', 'TEXT 47');
insert into document (id, sort_index, slug, title, text) values (48, 48, 'SLUG 48','TITLE 48', 'TEXT 48');
insert into document (id, sort_index, slug, title, text) values (49, 49, 'SLUG 49','TITLE 49', 'TEXT 49');
insert into document (id, sort_index, slug, title, text) values (50, 50, 'SLUG 50','TITLE 50', 'TEXT 50');
insert into document (id, sort_index, slug, title, text) values (51, 51, 'SLUG 51','TITLE 51', 'TEXT 51');
insert into document (id, sort_index, slug, title, text) values (52, 52, 'SLUG 52','TITLE 52', 'TEXT 52');
insert into document (id, sort_index, slug, title, text) values (53, 53, 'SLUG 53','TITLE 53', 'TEXT 53');
insert into document (id, sort_index, slug, title, text) values (54, 54, 'SLUG 54','TITLE 54', 'TEXT 54');
insert into document (id, sort_index, slug, title, text) values (55, 55, 'SLUG 55','TITLE 55', 'TEXT 55');
insert into document (id, sort_index, slug, title, text) values (56, 56, 'SLUG 56','TITLE 56', 'TEXT 56');
insert into document (id, sort_index, slug, title, text) values (57, 57, 'SLUG 57','TITLE 57', 'TEXT 57');
insert into document (id, sort_index, slug, title, text) values (58, 58, 'SLUG 58','TITLE 58', 'TEXT 58');
insert into document (id, sort_index, slug, title, text) values (59, 59, 'SLUG 59','TITLE 59', 'TEXT 59');
insert into document (id, sort_index, slug, title, text) values (60, 60, 'SLUG 60','TITLE 60', 'TEXT 60');
insert into document (id, sort_index, slug, title, text) values (61, 61, 'SLUG 61','TITLE 61', 'TEXT 61');
insert into document (id, sort_index, slug, title, text) values (62, 62, 'SLUG 62','TITLE 62', 'TEXT 62');
insert into document (id, sort_index, slug, title, text) values (63, 63, 'SLUG 63','TITLE 63', 'TEXT 63');
insert into document (id, sort_index, slug, title, text) values (64, 64, 'SLUG 64','TITLE 64', 'TEXT 64');
insert into document (id, sort_index, slug, title, text) values (65, 65, 'SLUG 65','TITLE 65', 'TEXT 65');
insert into document (id, sort_index, slug, title, text) values (66, 66, 'SLUG 66','TITLE 66', 'TEXT 66');
insert into document (id, sort_index, slug, title, text) values (67, 67, 'SLUG 67','TITLE 67', 'TEXT 67');
insert into document (id, sort_index, slug, title, text) values (68, 68, 'SLUG 68','TITLE 68', 'TEXT 68');
insert into document (id, sort_index, slug, title, text) values (69, 69, 'SLUG 69','TITLE 69', 'TEXT 69');
insert into document (id, sort_index, slug, title, text) values (70, 70, 'SLUG 70','TITLE 70', 'TEXT 70');
insert into document (id, sort_index, slug, title, text) values (71, 71, 'SLUG 71','TITLE 71', 'TEXT 71');
insert into document (id, sort_index, slug, title, text) values (72, 72, 'SLUG 72','TITLE 72', 'TEXT 72');
insert into document (id, sort_index, slug, title, text) values (73, 73, 'SLUG 73','TITLE 73', 'TEXT 73');
insert into document (id, sort_index, slug, title, text) values (74, 74, 'SLUG 74','TITLE 74', 'TEXT 74');
insert into document (id, sort_index, slug, title, text) values (75, 75, 'SLUG 75','TITLE 75', 'TEXT 75');
insert into document (id, sort_index, slug, title, text) values (76, 76, 'SLUG 76','TITLE 76', 'TEXT 76');
insert into document (id, sort_index, slug, title, text) values (77, 77, 'SLUG 77','TITLE 77', 'TEXT 77');
insert into document (id, sort_index, slug, title, text) values (78, 78, 'SLUG 78','TITLE 78', 'TEXT 78');
insert into document (id, sort_index, slug, title, text) values (79, 79, 'SLUG 79','TITLE 79', 'TEXT 79');
insert into document (id, sort_index, slug, title, text) values (80, 80, 'SLUG 80','TITLE 80', 'TEXT 80');
insert into document (id, sort_index, slug, title, text) values (81, 81, 'SLUG 81','TITLE 81', 'TEXT 81');
insert into document (id, sort_index, slug, title, text) values (82, 82, 'SLUG 82','TITLE 82', 'TEXT 82');
insert into document (id, sort_index, slug, title, text) values (83, 83, 'SLUG 83','TITLE 83', 'TEXT 83');
insert into document (id, sort_index, slug, title, text) values (84, 84, 'SLUG 84','TITLE 84', 'TEXT 84');
insert into document (id, sort_index, slug, title, text) values (85, 85, 'SLUG 85','TITLE 85', 'TEXT 85');
insert into document (id, sort_index, slug, title, text) values (86, 86, 'SLUG 86','TITLE 86', 'TEXT 86');
insert into document (id, sort_index, slug, title, text) values (87, 87, 'SLUG 87','TITLE 87', 'TEXT 87');
insert into document (id, sort_index, slug, title, text) values (88, 88, 'SLUG 88','TITLE 88', 'TEXT 88');
insert into document (id, sort_index, slug, title, text) values (89, 89, 'SLUG 89','TITLE 89', 'TEXT 89');
insert into document (id, sort_index, slug, title, text) values (90, 90, 'SLUG 90','TITLE 90', 'TEXT 90');
insert into document (id, sort_index, slug, title, text) values (91, 91, 'SLUG 91','TITLE 91', 'TEXT 91');
insert into document (id, sort_index, slug, title, text) values (92, 92, 'SLUG 92','TITLE 92', 'TEXT 92');
insert into document (id, sort_index, slug, title, text) values (93, 93, 'SLUG 93','TITLE 93', 'TEXT 93');
insert into document (id, sort_index, slug, title, text) values (94, 94, 'SLUG 94','TITLE 94', 'TEXT 94');
insert into document (id, sort_index, slug, title, text) values (95, 95, 'SLUG 95','TITLE 95', 'TEXT 95');
insert into document (id, sort_index, slug, title, text) values (96, 96, 'SLUG 96','TITLE 96', 'TEXT 96');
insert into document (id, sort_index, slug, title, text) values (97, 97, 'SLUG 97','TITLE 97', 'TEXT 97');
insert into document (id, sort_index, slug, title, text) values (98, 98, 'SLUG 98','TITLE 98', 'TEXT 98');
insert into document (id, sort_index, slug, title, text) values (99, 99, 'SLUG 99','TITLE 99', 'TEXT 99');
insert into document (id, sort_index, slug, title, text) values (100, 100, 'SLUG 100','TITLE 100', 'TEXT 100');


insert into faq (id, sort_index, question, answer) values (1, 1, 'QUESTION 1','ANSWER 1');
insert into faq (id, sort_index, question, answer) values (2, 2, 'QUESTION 2','ANSWER 2');
insert into faq (id, sort_index, question, answer) values (3, 3, 'QUESTION 3','ANSWER 3');
insert into faq (id, sort_index, question, answer) values (4, 4, 'QUESTION 4','ANSWER 4');
insert into faq (id, sort_index, question, answer) values (5, 5, 'QUESTION 5','ANSWER 5');
insert into faq (id, sort_index, question, answer) values (6, 6, 'QUESTION 6','ANSWER 6');
insert into faq (id, sort_index, question, answer) values (7, 7, 'QUESTION 7','ANSWER 7');
insert into faq (id, sort_index, question, answer) values (8, 8, 'QUESTION 8','ANSWER 8');
insert into faq (id, sort_index, question, answer) values (9, 9, 'QUESTION 9','ANSWER 9');
insert into faq (id, sort_index, question, answer) values (10, 10, 'QUESTION 10','ANSWER 10');
insert into faq (id, sort_index, question, answer) values (11, 11, 'QUESTION 11','ANSWER 11');
insert into faq (id, sort_index, question, answer) values (12, 12, 'QUESTION 12','ANSWER 12');
insert into faq (id, sort_index, question, answer) values (13, 13, 'QUESTION 13','ANSWER 13');
insert into faq (id, sort_index, question, answer) values (14, 14, 'QUESTION 14','ANSWER 14');
insert into faq (id, sort_index, question, answer) values (15, 15, 'QUESTION 15','ANSWER 15');
insert into faq (id, sort_index, question, answer) values (16, 16, 'QUESTION 16','ANSWER 16');
insert into faq (id, sort_index, question, answer) values (17, 17, 'QUESTION 17','ANSWER 17');
insert into faq (id, sort_index, question, answer) values (18, 18, 'QUESTION 18','ANSWER 18');
insert into faq (id, sort_index, question, answer) values (19, 19, 'QUESTION 19','ANSWER 19');
insert into faq (id, sort_index, question, answer) values (20, 20, 'QUESTION 20','ANSWER 20');
insert into faq (id, sort_index, question, answer) values (21, 21, 'QUESTION 21','ANSWER 21');
insert into faq (id, sort_index, question, answer) values (22, 22, 'QUESTION 22','ANSWER 22');
insert into faq (id, sort_index, question, answer) values (23, 23, 'QUESTION 23','ANSWER 23');
insert into faq (id, sort_index, question, answer) values (24, 24, 'QUESTION 24','ANSWER 24');
insert into faq (id, sort_index, question, answer) values (25, 25, 'QUESTION 25','ANSWER 25');
insert into faq (id, sort_index, question, answer) values (26, 26, 'QUESTION 26','ANSWER 26');
insert into faq (id, sort_index, question, answer) values (27, 27, 'QUESTION 27','ANSWER 27');
insert into faq (id, sort_index, question, answer) values (28, 28, 'QUESTION 28','ANSWER 28');
insert into faq (id, sort_index, question, answer) values (29, 29, 'QUESTION 29','ANSWER 29');
insert into faq (id, sort_index, question, answer) values (30, 30, 'QUESTION 30','ANSWER 30');
insert into faq (id, sort_index, question, answer) values (31, 31, 'QUESTION 31','ANSWER 31');
insert into faq (id, sort_index, question, answer) values (32, 32, 'QUESTION 32','ANSWER 32');
insert into faq (id, sort_index, question, answer) values (33, 33, 'QUESTION 33','ANSWER 33');
insert into faq (id, sort_index, question, answer) values (34, 34, 'QUESTION 34','ANSWER 34');
insert into faq (id, sort_index, question, answer) values (35, 35, 'QUESTION 35','ANSWER 35');
insert into faq (id, sort_index, question, answer) values (36, 36, 'QUESTION 36','ANSWER 36');
insert into faq (id, sort_index, question, answer) values (37, 37, 'QUESTION 37','ANSWER 37');
insert into faq (id, sort_index, question, answer) values (38, 38, 'QUESTION 38','ANSWER 38');
insert into faq (id, sort_index, question, answer) values (39, 39, 'QUESTION 39','ANSWER 39');
insert into faq (id, sort_index, question, answer) values (40, 40, 'QUESTION 40','ANSWER 40');
insert into faq (id, sort_index, question, answer) values (41, 41, 'QUESTION 41','ANSWER 41');
insert into faq (id, sort_index, question, answer) values (42, 42, 'QUESTION 42','ANSWER 42');
insert into faq (id, sort_index, question, answer) values (43, 43, 'QUESTION 43','ANSWER 43');
insert into faq (id, sort_index, question, answer) values (44, 44, 'QUESTION 44','ANSWER 44');
insert into faq (id, sort_index, question, answer) values (45, 45, 'QUESTION 45','ANSWER 45');
insert into faq (id, sort_index, question, answer) values (46, 46, 'QUESTION 46','ANSWER 46');
insert into faq (id, sort_index, question, answer) values (47, 47, 'QUESTION 47','ANSWER 47');
insert into faq (id, sort_index, question, answer) values (48, 48, 'QUESTION 48','ANSWER 48');
insert into faq (id, sort_index, question, answer) values (49, 49, 'QUESTION 49','ANSWER 49');
insert into faq (id, sort_index, question, answer) values (50, 50, 'QUESTION 50','ANSWER 50');


insert into message (id, time_, user_id, email, name, subject, text) values (1, '1999-04-07 02:47:44', 15, 'EMAIL 1','NAME ','SUBJECT 1', 'TEXT 1');
insert into message (id, time_, user_id, email, name, subject, text) values (2, '1998-08-01 19:52:53', 16, 'EMAIL 2','NAME ','SUBJECT 2', 'TEXT 2');
insert into message (id, time_, user_id, email, name, subject, text) values (3, '1999-03-25 19:02:39', 6, 'EMAIL 3','NAME ','SUBJECT 3', 'TEXT 3');
insert into message (id, time_, user_id, email, name, subject, text) values (4, '1998-04-10 01:13:33', 3, 'EMAIL 4','NAME ','SUBJECT 4', 'TEXT 4');
insert into message (id, time_, user_id, email, name, subject, text) values (5, '1999-05-06 05:13:26', 8, 'EMAIL 5','NAME ','SUBJECT 5', 'TEXT 5');
insert into message (id, time_, user_id, email, name, subject, text) values (6, '1998-04-23 14:48:04', 11, 'EMAIL 6','NAME ','SUBJECT 6', 'TEXT 6');
insert into message (id, time_, user_id, email, name, subject, text) values (7, '1999-12-03 10:08:21', 10, 'EMAIL 7','NAME ','SUBJECT 7', 'TEXT 7');
insert into message (id, time_, user_id, email, name, subject, text) values (8, '1998-07-21 05:16:03', 11, 'EMAIL 8','NAME ','SUBJECT 8', 'TEXT 8');
insert into message (id, time_, user_id, email, name, subject, text) values (9, '1998-03-19 21:20:25', 11, 'EMAIL 9','NAME ','SUBJECT 9', 'TEXT 9');
insert into message (id, time_, user_id, email, name, subject, text) values (10, '1999-03-21 19:11:31', 1, 'EMAIL 10','NAME ','SUBJECT 10', 'TEXT 10');
insert into message (id, time_, user_id, email, name, subject, text) values (11, '1998-06-06 18:28:34', 10, 'EMAIL 11','NAME ','SUBJECT 11', 'TEXT 11');
insert into message (id, time_, user_id, email, name, subject, text) values (12, '1998-09-25 11:30:15', 16, 'EMAIL 12','NAME ','SUBJECT 12', 'TEXT 12');
insert into message (id, time_, user_id, email, name, subject, text) values (13, '1999-05-22 10:14:29', 8, 'EMAIL 13','NAME ','SUBJECT 13', 'TEXT 13');
insert into message (id, time_, user_id, email, name, subject, text) values (14, '1999-05-15 10:55:19', 20, 'EMAIL 14','NAME ','SUBJECT 14', 'TEXT 14');
insert into message (id, time_, user_id, email, name, subject, text) values (15, '1999-01-08 18:27:48', 16, 'EMAIL 15','NAME ','SUBJECT 15', 'TEXT 15');
insert into message (id, time_, user_id, email, name, subject, text) values (16, '1999-06-09 04:21:47', 7, 'EMAIL 16','NAME ','SUBJECT 16', 'TEXT 16');
insert into message (id, time_, user_id, email, name, subject, text) values (17, '1998-11-25 03:58:55', 5, 'EMAIL 17','NAME ','SUBJECT 17', 'TEXT 17');
insert into message (id, time_, user_id, email, name, subject, text) values (18, '1999-09-22 15:26:16', 5, 'EMAIL 18','NAME ','SUBJECT 18', 'TEXT 18');
insert into message (id, time_, user_id, email, name, subject, text) values (19, '1999-04-03 13:22:33', 18, 'EMAIL 19','NAME ','SUBJECT 19', 'TEXT 19');
insert into message (id, time_, user_id, email, name, subject, text) values (20, '1999-04-24 08:31:41', 19, 'EMAIL 20','NAME ','SUBJECT 20', 'TEXT 20');
insert into message (id, time_, user_id, email, name, subject, text) values (21, '1999-05-09 23:54:01', 20, 'EMAIL 21','NAME ','SUBJECT 21', 'TEXT 21');
insert into message (id, time_, user_id, email, name, subject, text) values (22, '1998-02-11 22:46:30', 20, 'EMAIL 22','NAME ','SUBJECT 22', 'TEXT 22');
insert into message (id, time_, user_id, email, name, subject, text) values (23, '1999-04-04 08:35:16', 19, 'EMAIL 23','NAME ','SUBJECT 23', 'TEXT 23');
insert into message (id, time_, user_id, email, name, subject, text) values (24, '1999-09-19 05:25:27', 11, 'EMAIL 24','NAME ','SUBJECT 24', 'TEXT 24');
insert into message (id, time_, user_id, email, name, subject, text) values (25, '1999-10-20 20:42:55', 3, 'EMAIL 25','NAME ','SUBJECT 25', 'TEXT 25');
insert into message (id, time_, user_id, email, name, subject, text) values (26, '1999-12-08 02:18:38', 19, 'EMAIL 26','NAME ','SUBJECT 26', 'TEXT 26');
insert into message (id, time_, user_id, email, name, subject, text) values (27, '1998-06-10 08:33:26', 2, 'EMAIL 27','NAME ','SUBJECT 27', 'TEXT 27');
insert into message (id, time_, user_id, email, name, subject, text) values (28, '1999-04-02 05:12:47', 6, 'EMAIL 28','NAME ','SUBJECT 28', 'TEXT 28');
insert into message (id, time_, user_id, email, name, subject, text) values (29, '1999-04-07 03:52:10', 13, 'EMAIL 29','NAME ','SUBJECT 29', 'TEXT 29');
insert into message (id, time_, user_id, email, name, subject, text) values (30, '2000-01-11 13:43:18', 10, 'EMAIL 30','NAME ','SUBJECT 30', 'TEXT 30');
insert into message (id, time_, user_id, email, name, subject, text) values (31, '1999-11-05 00:49:09', 3, 'EMAIL 31','NAME ','SUBJECT 31', 'TEXT 31');
insert into message (id, time_, user_id, email, name, subject, text) values (32, '1999-12-23 13:44:35', 2, 'EMAIL 32','NAME ','SUBJECT 32', 'TEXT 32');
insert into message (id, time_, user_id, email, name, subject, text) values (33, '1999-06-26 17:37:13', 4, 'EMAIL 33','NAME ','SUBJECT 33', 'TEXT 33');
insert into message (id, time_, user_id, email, name, subject, text) values (34, '1998-12-09 01:13:33', 1, 'EMAIL 34','NAME ','SUBJECT 34', 'TEXT 34');
insert into message (id, time_, user_id, email, name, subject, text) values (35, '1999-07-04 15:18:43', 14, 'EMAIL 35','NAME ','SUBJECT 35', 'TEXT 35');
insert into message (id, time_, user_id, email, name, subject, text) values (36, '1998-09-04 07:03:18', 10, 'EMAIL 36','NAME ','SUBJECT 36', 'TEXT 36');
insert into message (id, time_, user_id, email, name, subject, text) values (37, '1998-01-30 01:12:13', 10, 'EMAIL 37','NAME ','SUBJECT 37', 'TEXT 37');
insert into message (id, time_, user_id, email, name, subject, text) values (38, '1998-10-28 22:08:51', 3, 'EMAIL 38','NAME ','SUBJECT 38', 'TEXT 38');
insert into message (id, time_, user_id, email, name, subject, text) values (39, '1999-04-12 06:45:33', 4, 'EMAIL 39','NAME ','SUBJECT 39', 'TEXT 39');
insert into message (id, time_, user_id, email, name, subject, text) values (40, '1999-12-09 05:42:50', 14, 'EMAIL 40','NAME ','SUBJECT 40', 'TEXT 40');
insert into message (id, time_, user_id, email, name, subject, text) values (41, '1999-09-14 13:35:29', 5, 'EMAIL 41','NAME ','SUBJECT 41', 'TEXT 41');
insert into message (id, time_, user_id, email, name, subject, text) values (42, '1999-09-03 20:26:29', 16, 'EMAIL 42','NAME ','SUBJECT 42', 'TEXT 42');
insert into message (id, time_, user_id, email, name, subject, text) values (43, '1999-12-27 05:44:18', 8, 'EMAIL 43','NAME ','SUBJECT 43', 'TEXT 43');
insert into message (id, time_, user_id, email, name, subject, text) values (44, '1998-11-30 10:39:04', 15, 'EMAIL 44','NAME ','SUBJECT 44', 'TEXT 44');
insert into message (id, time_, user_id, email, name, subject, text) values (45, '1998-10-03 00:05:26', 1, 'EMAIL 45','NAME ','SUBJECT 45', 'TEXT 45');
insert into message (id, time_, user_id, email, name, subject, text) values (46, '1998-01-26 18:49:45', 8, 'EMAIL 46','NAME ','SUBJECT 46', 'TEXT 46');
insert into message (id, time_, user_id, email, name, subject, text) values (47, '1999-10-28 12:38:36', 13, 'EMAIL 47','NAME ','SUBJECT 47', 'TEXT 47');
insert into message (id, time_, user_id, email, name, subject, text) values (48, '1999-07-26 05:45:28', 17, 'EMAIL 48','NAME ','SUBJECT 48', 'TEXT 48');
insert into message (id, time_, user_id, email, name, subject, text) values (49, '1998-12-20 08:45:47', 16, 'EMAIL 49','NAME ','SUBJECT 49', 'TEXT 49');
insert into message (id, time_, user_id, email, name, subject, text) values (50, '1998-12-05 11:48:03', 1, 'EMAIL 50','NAME ','SUBJECT 50', 'TEXT 50');